Participant ID;DateSession;TimeStartSession;AbsTimestampStartSession;Absolute time;Relative time in session;Order;Happy;Enjoyment;Hope;Pride;Curiosity;Eureka;Anger;Fear;Disgust;Frustration;Anxiety;Shame;Hopelessness;Boredom;Contempt;Confusion;Sadness;Surprise;Neutral;Task Value;nbpos;nbneg
MT208PN41004;#N/A;#N/A;#N/A;10:45:39;19:35.1;1;3;3;4;3;5;1;1;1;1;2;2;2;1;3;1;1;1;1;4;3;2;0
MT208PN41004;#N/A;#N/A;#N/A;11:09:55;43:51.5;2;2;2;4;3;3;1;3;1;1;4;2;3;1;4;4;2;1;2;2;3;1;2
MT208PN41004;#N/A;#N/A;#N/A;11:27:08;01:04.5;3;3;3;4;3;4;4;2;1;1;3;1;2;1;3;3;3;1;2;3;3;3;0
MT208PN41004;#N/A;#N/A;#N/A;11:43:50;17:46.2;4;2;2;3;3;3;1;3;2;1;4;4;2;3;2;3;3;2;2;3;2;0;1
MT208PN41004;#N/A;#N/A;#N/A;11:59:32;33:27.8;5;3;4;4;3;4;1;3;2;1;4;3;3;2;2;2;2;2;2;2;3;3;0
MT208PN41005;03/07/2012;14:35:40;1331130940;15:04:25;24:37.4;1;2;2;2;3;2;1;1;2;1;1;4;2;2;4;1;2;2;1;5;2;0;2
MT208PN41005;03/07/2012;14:35:40;1331130940;15:25:15;45:27.0;2;1;1;1;1;1;1;3;1;1;3;1;1;1;4;1;1;3;1;1;1;0;1
MT208PN41005;03/07/2012;14:35:40;1331130940;15:44:03;04:15.3;3;1;1;1;1;1;1;2;1;1;1;1;1;1;4;1;1;1;1;5;1;0;1
MT208PN41005;03/07/2012;14:35:40;1331130940;15:59:28;19:39.7;4;1;1;1;1;1;1;2;1;1;2;1;1;1;1;1;1;1;1;5;1;0;0
MT208PN41005;03/07/2012;14:35:40;1331130940;16:15:06;35:18.2;5;1;1;1;1;1;1;2;1;1;2;1;1;1;5;1;1;1;1;1;1;0;1
MT208PN41006;03/07/2012;09:34:13;1331112853;09:54:54;19:21.1;1;3;3;3;2;2;1;1;1;1;2;1;1;1;2;3;1;1;1;4;3;0;0
MT208PN41006;03/07/2012;09:34:13;1331112853;10:25:39;50:06.4;2;3;3;3;3;2;1;1;1;1;1;1;1;1;2;3;1;1;1;3;3;0;0
MT208PN41006;03/07/2012;09:34:13;1331112853;10:37:44;02:10.8;3;3;3;3;3;2;1;1;1;1;3;1;1;1;3;3;1;1;1;3;3;0;0
MT208PN41006;03/07/2012;09:34:13;1331112853;10:54:32;18:59.1;4;3;3;3;3;3;1;3;1;1;2;1;1;1;3;3;1;1;1;3;3;0;0
MT208PN41006;03/07/2012;09:34:13;1331112853;11:10:14;34:41.4;5;3;2;3;3;2;1;1;1;1;3;3;1;1;2;2;1;1;1;3;3;0;0
MT208PN41007;03/06/2012;14:44:50;1331045090;15:15:37;28:33.9;1;3;5;4;2;5;1;1;2;1;2;5;5;4;2;2;5;1;2;2;3;3;4
MT208PN41007;03/06/2012;14:44:50;1331045090;15:38:40;51:37.0;2;5;4;5;2;4;1;1;2;1;2;5;3;2;1;1;3;1;3;3;4;3;1
MT208PN41007;03/06/2012;14:44:50;1331045090;16:03:16;10:08.0;3;3;2;1;1;3;2;2;3;1;4;5;5;5;2;1;4;1;1;3;3;0;4
MT208PN41007;03/06/2012;14:44:50;1331045090;16:19:00;25:34.2;4;3;3;4;2;4;1;1;1;1;2;4;4;3;1;2;2;1;1;3;4;2;2
MT208PN41007;03/06/2012;14:44:50;1331045090;16:35:06;41:39.9;5;3;1;2;1;3;1;1;3;1;2;5;5;5;1;1;3;1;2;3;3;0;3
MT208PN41008;03/08/2012;13:34:59;1331213699;13:56:52;18:51.5;1;4;4;4;4;4;1;1;1;1;1;1;1;1;2;1;1;1;2;4;4;4;0
MT208PN41008;03/08/2012;13:34:59;1331213699;14:20:10;42:09.6;2;3;4;2;3;1;1;3;1;1;1;2;2;1;1;1;1;1;5;2;5;1;0
MT208PN41008;03/08/2012;13:34:59;1331213699;14:38:24;00:23.4;3;4;4;4;4;1;1;1;1;1;1;1;1;1;1;1;1;1;2;3;5;3;0
MT208PN41008;03/08/2012;13:34:59;1331213699;14:55:41;17:40.5;4;3;4;4;4;1;1;2;1;1;4;1;1;1;1;2;1;1;2;1;5;3;0
MT208PN41008;03/08/2012;13:34:59;1331213699;15:11:38;33:38.1;5;4;4;4;4;4;1;1;1;1;1;1;1;1;1;1;1;1;1;3;5;4;0
MT208PN41009;03/08/2012;09:10:45;1331197845;09:31:49;18:28.5;1;4;5;4;3;4;3;1;1;1;2;4;2;1;1;1;2;1;3;2;4;3;1
MT208PN41009;03/08/2012;09:10:45;1331197845;09:57:33;44:12.1;2;4;4;3;3;4;4;1;2;1;2;3;2;2;1;1;3;2;3;1;4;3;0
MT208PN41009;03/08/2012;09:10:45;1331197845;10:17:57;04:36.4;3;4;4;3;3;4;3;1;1;1;1;3;2;2;2;1;2;1;3;1;4;2;0
MT208PN41009;03/08/2012;09:10:45;1331197845;10:34:14;20:53.4;4;3;3;4;3;3;2;4;1;1;2;2;1;3;3;2;2;1;2;1;4;1;0
MT208PN41009;03/08/2012;09:10:45;1331197845;10:50:36;37:15.5;5;4;3;3;3;3;2;3;2;2;3;2;1;2;1;2;1;3;2;1;4;0;0
MT208PN41010;3/13/2012;09:16:47;1331630207;09:35:49;15:44.9;1;3;4;3;3;3;2;2;1;1;2;3;1;1;4;1;3;1;3;5;4;1;1
MT208PN41010;3/13/2012;09:16:47;1331630207;09:57:21;37:17.0;2;3;4;4;3;5;4;2;2;2;4;2;2;2;2;2;4;2;2;4;4;4;1
MT208PN41010;3/13/2012;09:16:47;1331630207;10:19:38;59:34.3;3;3;3;4;3;4;3;2;2;1;2;2;2;2;3;2;4;1;2;4;3;2;1
MT208PN41010;3/13/2012;09:16:47;1331630207;10:40:36;20:32.4;4;4;4;4;4;5;4;1;1;1;1;2;1;2;1;3;2;1;3;3;4;5;0
MT208PN41010;3/13/2012;09:16:47;1331630207;10:56:33;36:28.8;5;3;3;3;4;1;4;2;1;1;4;4;1;3;1;1;1;1;1;3;4;2;1
MT208PN41011;3/13/2012;15:11:10;1331651470;15:32:48;17:04.0;1;3;2;4;2;1;1;1;1;1;1;1;1;1;3;1;1;1;2;5;4;1;0
MT208PN41011;3/13/2012;15:11:10;1331651470;15:54:15;38:30.9;2;1;4;3;2;2;2;1;1;1;1;1;1;1;4;2;1;1;3;4;3;1;1
MT208PN41011;3/13/2012;15:11:10;1331651470;16:14:07;58:23.4;3;1;1;3;2;3;1;2;1;1;1;1;1;1;1;1;1;1;1;3;3;0;0
MT208PN41011;3/13/2012;15:11:10;1331651470;16:30:45;15:01.0;4;1;1;3;3;3;1;1;1;1;1;1;1;3;2;1;1;1;2;5;3;0;0
MT208PN41011;3/13/2012;15:11:10;1331651470;16:46:46;31:02.5;5;5;4;3;2;2;1;1;1;1;1;3;1;1;3;1;1;1;1;5;3;1;0
MT208PN41012;3/15/2012;14:06:07;1331820367;14:22:06;14:20.0;1;3;3;3;3;2;2;2;2;2;2;2;2;3;4;3;2;2;2;5;3;0;1
MT208PN41012;3/15/2012;14:06:07;1331820367;14:44:59;37:12.9;2;3;3;3;3;3;2;2;2;2;2;2;2;2;3;3;2;2;2;5;3;0;0
MT208PN41012;3/15/2012;14:06:07;1331820367;15:02:53;55:06.4;3;3;3;3;3;3;2;2;2;2;2;2;2;2;2;3;2;2;2;5;3;0;0
MT208PN41012;3/15/2012;14:06:07;1331820367;15:19:17;10:38.4;4;3;3;3;3;3;2;2;2;2;2;2;2;2;2;3;2;2;2;4;3;0;0
MT208PN41012;3/15/2012;14:06:07;1331820367;15:34:59;26:20.8;5;3;3;3;3;3;2;2;2;2;2;2;2;2;2;3;2;2;2;4;4;0;0
MT208PN41013;3/14/2012;13:16:31;1331730991;13:39:10;17:43.6;1;4;4;3;3;3;2;1;2;1;1;2;1;1;2;1;2;1;1;3;2;1;0
MT208PN41013;3/14/2012;13:16:31;1331730991;14:02:21;40:54.6;2;4;3;3;3;2;1;1;1;1;1;1;1;1;2;1;1;1;2;3;2;0;0
MT208PN41013;3/14/2012;13:16:31;1331730991;14:20:43;59:17.1;3;4;3;3;3;2;1;1;1;1;1;1;1;1;2;1;1;1;1;3;2;0;0
MT208PN41013;3/14/2012;13:16:31;1331730991;14:43:35;22:08.7;4;2;2;2;2;1;1;3;1;1;4;2;1;1;2;3;2;1;1;1;1;0;0
MT208PN41013;3/14/2012;13:16:31;1331730991;14:55:57;34:30.8;5;2;2;2;2;1;1;1;1;1;3;2;1;1;1;1;1;1;1;2;2;0;0
MT208PN41015;3/16/2012;11:11:18;1331896278;11:30:41;14:42.4;1;3;2;5;3;4;4;3;1;2;4;4;2;3;2;3;2;2;2;3;3;3;1
MT208PN41015;3/16/2012;11:11:18;1331896278;11:51:44;35:45.4;2;3;4;4;3;4;2;2;2;2;2;3;1;1;3;2;2;2;4;3;3;3;0
MT208PN41015;3/16/2012;11:11:18;1331896278;12:09:58;53:59.2;3;2;2;2;2;2;1;2;1;2;3;3;2;2;2;2;3;2;2;4;3;0;0
MT208PN41015;3/16/2012;11:11:18;1331896278;12:25:26;09:27.4;4;2;2;2;2;2;1;2;2;2;4;4;3;2;5;3;3;2;2;2;1;0;2
MT208PN41015;3/16/2012;11:11:18;1331896278;12:41:13;25:14.3;5;4;2;2;2;1;1;3;2;2;2;4;1;2;5;3;3;1;3;2;3;0;2
MT208PN41016;3/16/2012;14:06:56;1331906816;14:24:19;14:05.5;1;3;3;5;3;4;1;1;1;1;1;2;1;1;1;1;2;1;1;5;2;2;0
MT208PN41016;3/16/2012;14:06:56;1331906816;14:45:43;35:29.8;2;3;3;4;1;4;3;1;1;1;1;1;1;1;2;1;1;1;1;4;3;2;0
MT208PN41016;3/16/2012;14:06:56;1331906816;15:04:02;53:48.2;3;3;3;4;1;4;1;1;1;1;1;3;1;1;2;1;1;1;1;3;4;2;0
MT208PN41016;3/16/2012;14:06:56;1331906816;15:19:36;09:22.3;4;3;4;4;2;5;1;1;1;1;1;1;1;1;1;1;1;1;4;4;5;3;0
MT208PN41016;3/16/2012;14:06:56;1331906816;15:35:30;25:16.8;5;3;3;3;1;5;1;1;1;1;1;4;1;1;1;1;4;1;1;4;4;1;2
MT208PN41017;3/21/2012;09:20:28;1332321628;09:47:02;22:26.1;1;2;3;4;2;3;1;1;1;1;1;2;3;1;1;2;1;1;3;5;4;1;0
MT208PN41017;3/21/2012;09:20:28;1332321628;10:10:32;45:56.1;2;3;3;3;3;3;1;1;1;1;1;1;1;1;1;1;2;1;1;5;4;0;0
MT208PN41017;3/21/2012;09:20:28;1332321628;10:34:42;10:06.5;3;3;3;3;3;2;1;1;1;1;1;1;1;1;2;1;1;1;1;5;4;0;0
MT208PN41017;3/21/2012;09:20:28;1332321628;10:50:52;26:16.8;4;3;3;3;3;2;1;1;1;1;1;1;1;1;2;1;1;1;1;5;4;0;0
MT208PN41017;3/21/2012;09:20:28;1332321628;11:07:01;42:25.5;5;3;3;3;1;2;1;1;1;1;1;2;1;1;2;1;1;1;1;5;4;0;0
MT208PN41018;3/23/2012;14:12:29;1332511949;14:31:27;15:15.0;1;4;3;4;4;4;4;1;1;1;1;1;1;1;1;4;1;1;3;3;5;4;1
MT208PN41018;3/23/2012;14:12:29;1332511949;14:54:49;38:36.5;2;4;4;4;4;5;4;1;1;1;1;1;1;1;1;1;1;1;4;3;5;5;0
MT208PN41018;3/23/2012;14:12:29;1332511949;15:25:15;09:02.5;3;4;4;4;4;4;4;1;1;1;1;1;1;1;1;1;3;1;4;3;5;5;0
MT208PN41018;3/23/2012;14:12:29;1332511949;15:31:55;15:43.1;4;4;4;4;4;4;4;1;1;1;1;1;1;1;1;1;1;1;1;3;5;5;0
MT208PN41018;3/23/2012;14:12:29;1332511949;15:48:19;32:06.9;5;4;4;4;4;4;4;1;1;1;1;1;1;1;1;1;1;1;1;3;5;5;0
MT208PN41019;3/21/2012;14:07:55;1332338875;14:26:15;15:17.3;1;4;4;4;4;4;1;1;1;1;1;1;1;1;1;1;1;1;1;3;4;4;0
MT208PN41019;3/21/2012;14:07:55;1332338875;14:51:42;40:43.9;2;4;3;4;4;3;1;1;1;1;1;1;1;1;2;1;1;1;1;4;3;2;0
MT208PN41019;3/21/2012;14:07:55;1332338875;15:10:36;59:38.2;3;3;3;3;3;3;1;1;1;1;2;1;1;1;3;1;1;1;1;3;3;0;0
MT208PN41019;3/21/2012;14:07:55;1332338875;15:25:30;14:31.9;4;3;3;3;3;3;1;3;1;1;4;1;1;1;4;1;1;1;1;3;3;0;1
MT208PN41019;3/21/2012;14:07:55;1332338875;15:41:59;31:01.3;5;3;3;3;2;1;1;1;1;1;2;1;2;1;4;1;1;2;4;3;3;0;1
MT208PN41020;3/23/2012;11:11:41;1332501101;11:31:32;17:03.0;1;3;4;5;3;4;1;1;2;1;1;2;2;1;2;1;1;1;1;5;3;3;0
MT208PN41020;3/23/2012;11:11:41;1332501101;11:54:56;40:26.7;2;4;4;4;5;4;2;2;2;1;2;4;1;1;2;1;2;3;2;4;4;4;1
MT208PN41020;3/23/2012;11:11:41;1332501101;12:13:29;58:59.8;3;3;4;3;4;3;2;4;2;1;5;4;1;2;2;1;2;2;1;4;3;2;1
MT208PN41020;3/23/2012;11:11:41;1332501101;12:30:16;15:46.6;4;3;4;3;4;3;2;4;2;1;5;4;1;2;2;1;2;2;1;4;3;2;1
MT208PN41020;3/23/2012;11:11:41;1332501101;12:46:14;31:44.8;5;2;2;3;3;3;2;4;2;1;4;4;4;2;2;1;1;4;1;2;3;0;3
MT208PN41021;3/23/2012;11:11:41;1332501101;15:07:18;24:08.9;1;1;1;1;3;5;1;1;4;1;1;5;4;4;5;1;4;1;1;5;1;1;5
MT208PN41021;3/23/2012;11:11:41;1332501101;15:28:20;44:33.5;2;1;1;1;1;1;1;1;1;1;1;4;4;2;5;1;4;1;1;5;1;0;4
MT208PN41021;3/23/2012;11:11:41;1332501101;15:48:06;04:19.5;3;1;1;1;1;2;1;1;2;1;4;4;4;4;5;1;4;1;1;5;1;0;5
MT208PN41021;3/23/2012;11:11:41;1332501101;16:05:02;21:16.3;4;1;1;3;1;1;1;1;1;1;1;4;4;4;5;1;4;1;1;5;1;0;5
MT208PN41022;3/23/2012;11:11:41;1332501101;14:03:29;16:24.3;1;3;3;3;3;4;1;1;1;1;1;1;1;1;3;1;1;1;2;3;4;1;0
MT208PN41022;3/23/2012;11:11:41;1332501101;14:27:09;40:04.8;2;3;3;3;3;2;1;3;1;1;3;3;1;1;4;1;3;1;4;2;2;0;1
MT208PN41022;3/23/2012;11:11:41;1332501101;14:51:07;04:02.9;3;3;3;3;2;4;1;1;1;1;1;1;1;1;2;1;2;1;1;5;3;1;0
MT208PN41022;3/23/2012;11:11:41;1332501101;15:06:40;19:35.4;4;3;3;3;2;4;1;3;1;1;3;1;1;1;3;1;1;1;1;5;3;1;0
MT208PN41022;3/23/2012;11:11:41;1332501101;15:23:32;36:27.9;5;2;2;2;2;3;1;1;1;1;1;1;1;1;2;1;1;1;1;3;3;0;0
MT208PN41023;3/27/2012;14:07:46;1332857266;14:25:25;15:36.6;1;3;4;3;3;4;2;1;1;1;1;1;1;1;2;1;2;1;1;4;5;2;0
MT208PN41023;3/27/2012;14:07:46;1332857266;14:46:33;36:44.6;2;3;3;3;3;4;1;1;1;1;1;1;1;1;2;1;2;1;1;5;4;1;0
MT208PN41023;3/27/2012;14:07:46;1332857266;15:07:48;57:59.8;3;2;2;3;3;3;2;1;1;1;2;3;1;1;3;1;4;2;1;4;3;0;1
MT208PN41023;3/27/2012;14:07:46;1332857266;15:23:37;13:48.7;4;3;3;4;3;4;2;1;1;1;2;3;1;2;4;2;2;1;1;4;3;2;1
MT208PN41023;3/27/2012;14:07:46;1332857266;15:39:31;29:42.7;5;4;3;3;3;3;3;1;1;1;1;1;1;1;2;1;2;1;3;5;3;0;0
MT208PN41024;3/28/2012;10:44:20;1332931460;11:06:16;19:06.3;1;3;2;3;4;2;3;1;3;1;4;3;3;4;4;1;3;1;3;5;2;1;2
MT208PN41024;3/28/2012;10:44:20;1332931460;11:28:12;41:02.7;2;3;4;3;4;4;1;2;1;1;4;1;1;1;4;1;3;2;4;5;3;3;1
MT208PN41024;3/28/2012;10:44:20;1332931460;11:49:57;02:47.5;3;2;3;1;1;2;1;1;1;1;2;1;1;1;4;1;1;1;1;5;3;0;1
MT208PN41024;3/28/2012;10:44:20;1332931460;12:09:03;21:53.4;4;1;2;1;1;4;1;1;1;1;3;1;1;1;5;1;1;1;1;5;2;1;1
MT208PN41024;3/28/2012;10:44:20;1332931460;12:20:44;33:33.9;5;1;1;1;3;1;1;1;1;1;1;1;1;1;3;1;1;1;1;5;3;0;0
MT208PN41027;04/04/2012;12:05:33;1333541133;12:29:35;20:08.1;1;3;5;4;3;5;2;1;1;1;1;4;1;1;1;1;1;1;1;5;5;3;1
MT208PN41027;04/04/2012;12:05:33;1333541133;12:50:42;41:15.0;2;3;5;3;2;5;4;1;1;1;2;5;2;3;1;1;2;1;1;2;5;3;1
MT208PN41027;04/04/2012;12:05:33;1333541133;13:09:55;00:28.2;3;3;3;3;3;5;4;1;1;1;1;5;1;2;1;1;2;1;1;5;5;2;1
MT208PN41027;04/04/2012;12:05:33;1333541133;13:26:03;16:36.8;4;3;3;2;2;4;2;1;1;1;1;5;1;2;1;1;2;1;2;4;5;1;1
MT208PN41027;04/04/2012;12:05:33;1333541133;13:41:59;32:32.1;5;2;3;2;1;3;3;1;1;2;4;3;3;1;1;1;2;3;2;3;5;0;0
MT208PN41028;04/04/2012;12:05:33;1333541133;09:36:33;14:48.7;1;3;3;3;3;4;2;1;1;1;1;4;1;2;2;1;3;2;2;4;4;1;1
MT208PN41028;04/04/2012;12:05:33;1333541133;09:59:11;37:26.4;2;3;3;3;3;1;1;1;1;1;1;4;1;1;3;2;4;1;2;3;3;0;2
MT208PN41028;04/04/2012;12:05:33;1333541133;10:16:58;55:14.1;3;3;4;3;3;4;2;1;1;1;1;4;1;1;1;1;3;1;1;3;4;2;1
MT208PN41028;04/04/2012;12:05:33;1333541133;10:32:48;11:03.9;4;3;3;3;3;3;1;1;1;1;1;3;1;1;1;1;3;1;1;3;3;0;0
MT208PN41028;04/04/2012;12:05:33;1333541133;10:48:38;26:53.9;5;3;3;3;3;3;1;1;1;1;1;4;1;1;1;1;4;1;1;3;3;0;2
MT208PN41029;05/01/2012;09:16:16;1335863776;09:40:05;20:02.8;1;4;4;5;3;5;3;1;2;1;1;3;1;1;1;3;1;1;4;3;5;3;0
MT208PN41029;05/01/2012;09:16:16;1335863776;10:01:15;41:12.3;2;4;5;5;4;5;4;1;2;1;1;3;2;1;1;3;3;1;4;3;5;5;0
MT208PN41029;05/01/2012;09:16:16;1335863776;10:19:31;59:28.7;3;4;5;3;3;5;3;1;1;1;1;4;3;1;1;2;3;2;4;2;5;2;1
MT208PN41029;05/01/2012;09:16:16;1335863776;10:35:24;15:22.0;4;3;4;1;2;5;3;1;2;1;2;5;4;3;1;3;1;3;2;2;5;2;2
MT208PN41029;05/01/2012;09:16:16;1335863776;10:51:40;31:37.8;5;2;3;1;1;5;2;1;3;1;2;5;3;2;1;2;1;4;1;2;5;1;2
MT208PN41030;05/03/2012;09:53:58;1336038838;10:15:43;18:58.1;1;2;2;4;4;4;1;1;1;1;1;2;2;1;4;1;1;1;1;2;4;3;1
MT208PN41030;05/03/2012;09:53:58;1336038838;10:38:36;41:51.4;2;2;4;5;4;4;1;1;1;2;3;2;1;1;4;1;1;1;4;4;4;4;1
MT208PN41030;05/03/2012;09:53:58;1336038838;11:03:24;06:39.6;3;2;4;2;2;4;1;1;1;1;2;4;1;1;5;1;3;1;1;1;4;2;2
MT208PN41030;05/03/2012;09:53:58;1336038838;11:21:32;24:47.3;4;1;1;1;1;2;1;1;1;1;4;4;1;1;2;2;1;1;3;3;4;0;1
MT208PN41030;05/03/2012;09:53:58;1336038838;11:38:28;41:43.4;5;1;4;1;1;4;1;1;3;3;1;5;2;2;1;1;1;1;1;2;4;2;1
MT208PN41032;05/07/2012;11:37:23;1336390643;12:01:35;20:31.1;1;2;3;4;1;4;1;1;1;1;5;5;5;1;1;1;1;1;1;1;5;2;2
MT208PN41032;05/07/2012;11:37:23;1336390643;12:32:22;51:17.5;2;3;3;3;3;4;1;1;3;1;3;3;3;3;1;3;3;1;1;4;5;1;0
MT208PN41032;05/07/2012;11:37:23;1336390643;12:43:49;02:44.9;3;3;3;3;3;4;1;1;1;1;1;4;1;1;1;4;1;1;1;2;4;1;2
MT208PN41032;05/07/2012;11:37:23;1336390643;13:00:03;18:58.9;4;4;4;3;4;4;1;1;1;1;1;4;1;1;1;4;1;1;1;1;5;3;2
MT208PN41032;05/07/2012;11:37:23;1336390643;13:16:15;35:10.3;5;4;4;1;4;1;1;1;1;4;1;3;1;1;1;4;1;1;1;2;5;2;1
MT208PN41033;05/09/2012;14:12:04;1336572724;14:30:48;15:53.0;1;3;2;3;4;2;1;2;2;1;2;4;1;1;4;1;3;1;1;5;3;1;2
MT208PN41033;05/09/2012;14:12:04;1336572724;14:55:33;40:38.8;2;3;2;3;3;3;1;2;2;1;2;3;1;1;3;1;3;1;1;5;4;0;0
MT208PN41033;05/09/2012;14:12:04;1336572724;15:13:58;59:03.2;3;3;3;3;3;3;1;2;1;1;1;2;1;1;4;1;2;1;1;4;3;0;1
MT208PN41033;05/09/2012;14:12:04;1336572724;15:30:47;15:52.3;4;2;2;2;2;1;1;1;1;1;1;2;1;1;2;1;1;1;1;4;3;0;0
MT208PN41033;05/09/2012;14:12:04;1336572724;15:45:37;30:41.9;5;3;3;2;2;4;1;1;1;1;1;1;1;1;3;1;3;1;1;3;4;1;0
MT208PN41035;05/11/2012;12:10:45;1336738245;12:28:22;15:00.6;1;4;3;3;2;4;1;1;1;1;1;3;1;1;3;2;2;1;1;4;3;1;0
MT208PN41035;05/11/2012;12:10:45;1336738245;12:52:06;38:45.5;2;3;2;3;3;2;3;3;2;2;4;4;1;1;4;4;3;2;1;3;2;0;3
MT208PN41035;05/11/2012;12:10:45;1336738245;13:11:54;58:32.6;3;2;1;2;2;1;2;4;1;3;4;3;1;2;5;5;2;3;1;3;2;0;2
MT208PN41035;05/11/2012;12:10:45;1336738245;13:29:21;15:59.6;4;2;2;3;3;2;3;4;1;3;4;3;1;2;5;4;2;3;2;4;4;0;2
MT208PN41035;05/11/2012;12:10:45;1336738245;13:44:45;31:24.2;5;2;2;2;3;2;2;3;1;3;4;3;1;2;5;4;3;2;1;4;4;0;2
MT208PN41036;05/08/2012;15:15:03;1336490103;15:33:35;15:42.0;1;3;3;3;3;3;1;1;1;1;1;1;1;1;1;1;1;1;1;4;3;0;0
MT208PN41036;05/08/2012;15:15:03;1336490103;15:54:36;36:43.2;2;3;3;3;3;3;1;1;1;1;1;1;1;1;2;1;1;1;1;4;3;0;0
MT208PN41036;05/08/2012;15:15:03;1336490103;16:13:02;55:09.3;3;4;4;3;3;2;1;1;1;1;1;1;1;1;1;1;1;1;1;4;3;1;0
MT208PN41036;05/08/2012;15:15:03;1336490103;16:28:28;10:35.0;4;4;2;3;2;2;1;1;1;1;1;1;1;1;1;1;1;1;1;4;3;0;0
MT208PN41036;05/08/2012;15:15:03;1336490103;16:44:22;26:28.9;5;4;3;3;2;2;1;1;1;1;1;1;1;1;2;1;1;1;1;4;2;0;0
MT208PN41037;05/09/2012;10:42:59;1336560179;11:01:57;17:57.3;1;2;2;3;1;4;1;1;1;1;1;3;4;3;3;1;2;2;3;5;4;1;1
MT208PN41037;05/09/2012;10:42:59;1336560179;11:25:56;41:56.0;2;2;2;2;2;4;1;1;1;1;1;4;3;2;3;1;3;2;3;3;4;1;1
MT208PN41037;05/09/2012;10:42:59;1336560179;11:46:31;02:31.4;3;2;2;2;2;4;1;2;2;1;2;2;2;2;2;1;2;2;3;3;4;1;0
MT208PN41037;05/09/2012;10:42:59;1336560179;12:03:13;19:12.9;4;2;2;2;2;3;1;2;2;1;2;2;2;2;3;1;2;2;2;3;4;0;0
MT208PN41037;05/09/2012;10:42:59;1336560179;12:19:38;35:37.9;5;2;2;3;2;4;1;1;2;1;1;1;1;1;3;1;2;2;2;3;4;1;0
MT208PN41038;05/10/2012;11:09:20;1336648160;11:27:48;16:23.6;1;3;3;3;3;2;1;1;1;1;2;1;1;1;2;1;1;1;3;4;4;0;0
MT208PN41038;05/10/2012;11:09:20;1336648160;11:49:24;37:59.1;2;4;2;3;3;1;1;2;1;1;1;1;1;1;2;1;1;1;3;3;2;0;0
MT208PN41038;05/10/2012;11:09:20;1336648160;12:11:07;59:42.3;3;4;3;3;3;1;1;1;1;1;2;1;1;1;2;1;1;1;1;3;2;0;0
MT208PN41038;05/10/2012;11:09:20;1336648160;12:30:13;18:48.5;4;4;2;3;3;1;1;2;1;1;2;1;1;1;3;1;1;1;1;3;2;0;0
MT208PN41038;05/10/2012;11:09:20;1336648160;12:46:28;35:03.8;5;3;2;3;3;1;1;1;1;1;1;1;1;1;2;1;1;1;1;3;2;0;0
MT208PN41039;05/10/2012;14:09:23;1336658963;14:30:57;18:50.1;1;3;2;4;2;4;1;1;1;1;3;4;3;1;1;1;2;1;2;5;5;2;1
MT208PN41039;05/10/2012;14:09:23;1336658963;14:52:55;40:47.7;2;1;2;3;1;2;1;1;1;1;2;5;2;3;1;1;3;1;1;1;5;0;1
MT208PN41039;05/10/2012;14:09:23;1336658963;15:14:53;02:45.8;3;1;1;1;1;1;1;1;5;1;5;5;5;5;3;1;3;1;1;1;5;0;3
MT208PN41039;05/10/2012;14:09:23;1336658963;15:33:42;21:34.9;4;2;3;2;1;3;1;1;1;1;4;5;1;2;1;1;3;1;1;3;5;0;1
MT208PN41039;05/10/2012;14:09:23;1336658963;15:50:51;38:44.2;5;2;3;3;2;3;1;1;1;1;1;4;3;1;1;1;1;1;1;3;5;0;1
MT208PN41040;5/14/2012;12:41:06;1336999266;13:00:58;16:22.8;1;2;2;3;2;1;1;2;1;1;4;2;3;1;4;2;4;1;4;4;3;0;2
MT208PN41040;5/14/2012;12:41:06;1336999266;13:24:01;39:25.8;2;1;1;2;2;1;1;4;1;1;4;3;4;1;5;4;1;1;1;2;2;0;3
MT208PN41040;5/14/2012;12:41:06;1336999266;13:43:48;59:12.9;3;1;1;2;2;2;1;3;1;1;4;2;4;1;4;4;2;1;1;2;4;0;3
MT208PN41040;5/14/2012;12:41:06;1336999266;13:59:34;14:59.3;4;1;1;2;2;2;1;2;1;1;4;2;3;1;4;4;2;1;1;3;4;0;2
MT208PN41040;5/14/2012;12:41:06;1336999266;14:17:30;32:54.7;5;2;2;2;3;4;1;1;1;1;4;1;1;1;4;4;1;1;1;4;4;1;2
MT208PN41041;5/15/2012;09:15:00;1337073300;09:34:46;17:18.5;1;2;1;3;2;1;1;3;2;2;5;3;2;2;5;3;3;1;1;2;2;0;1
MT208PN41041;5/15/2012;09:15:00;1337073300;09:56:12;38:44.5;2;1;1;2;2;2;2;4;1;1;4;3;2;2;4;3;2;1;1;3;2;0;1
MT208PN41041;5/15/2012;09:15:00;1337073300;10:19:40;02:12.1;3;2;1;3;1;2;2;3;1;1;4;3;1;2;5;3;3;1;1;3;1;0;1
MT208PN41041;5/15/2012;09:15:00;1337073300;10:33:54;16:26.1;4;2;2;3;1;2;2;3;1;1;3;3;1;2;4;3;3;1;1;4;2;0;1
MT208PN41041;5/15/2012;09:15:00;1337073300;10:50:05;32:36.8;5;3;2;3;2;2;2;3;1;3;3;3;1;1;3;2;2;1;1;4;3;0;0
MT208PN41042;5/16/2012;14:36:21;1337178981;14:54:19;15:40.0;1;3;3;4;2;4;1;1;1;1;1;3;1;1;2;1;2;1;3;5;4;2;0
MT208PN41042;5/16/2012;14:36:21;1337178981;15:16:03;37:23.8;2;3;4;4;4;4;1;1;1;1;1;2;1;1;2;1;1;1;2;4;4;4;0
MT208PN41042;5/16/2012;14:36:21;1337178981;15:39:59;01:20.6;3;3;2;3;3;4;1;1;1;1;2;1;3;2;3;2;3;1;2;3;3;1;0
MT208PN41042;5/16/2012;14:36:21;1337178981;15:55:54;17:15.1;4;3;3;4;4;4;1;1;1;1;2;2;2;1;3;3;1;1;2;3;4;3;0
MT208PN41042;5/16/2012;14:36:21;1337178981;16:12:08;33:29.2;5;3;3;2;4;4;1;1;1;1;1;1;2;1;3;2;1;1;3;4;3;2;0
MT208PN41043;5/17/2012;14:15:57;1337264157;14:34:08;15:16.1;1;2;2;2;1;3;1;4;1;1;5;1;1;3;3;4;3;1;4;2;2;0;1
MT208PN41043;5/17/2012;14:15:57;1337264157;14:57:43;38:51.1;2;1;1;1;1;2;1;4;1;1;4;1;3;5;3;1;5;1;3;1;2;0;2
MT208PN41043;5/17/2012;14:15:57;1337264157;15:18:41;59:49.7;3;1;1;1;1;1;1;3;1;1;5;3;3;5;5;1;5;1;1;1;1;0;3
MT208PN41043;5/17/2012;14:15:57;1337264157;15:37:11;18:19.6;4;5;1;1;1;1;1;2;1;1;5;1;4;4;5;1;4;1;1;1;1;0;4
MT208PN41043;5/17/2012;14:15:57;1337264157;15:53:20;34:27.9;5;1;1;1;1;1;1;4;1;1;4;1;4;5;5;1;4;3;1;1;1;0;4
MT208PN41044;5/17/2012;14:15:57;1337264157;10:58:24;16:16.0;1;4;3;3;4;5;2;1;1;1;1;2;2;1;3;1;2;1;1;5;3;2;0
MT208PN41044;5/17/2012;14:15:57;1337264157;11:19:47;37:38.2;2;3;2;3;3;4;2;3;2;1;2;1;3;1;4;1;1;1;1;3;3;1;1
MT208PN41044;5/17/2012;14:15:57;1337264157;11:41:00;58:51.7;3;3;3;3;3;3;1;1;1;1;1;1;1;2;5;1;1;1;1;3;3;0;1
MT208PN41044;5/17/2012;14:15:57;1337264157;11:58:19;16:10.5;4;4;4;3;4;3;1;1;1;1;1;1;1;1;4;1;2;1;1;3;3;2;1
MT208PN41044;5/17/2012;14:15:57;1337264157;12:13:11;31:02.1;5;3;3;3;3;4;1;1;1;1;1;1;1;3;5;1;1;1;3;3;4;1;1
MT208PN41045;5/18/2012;12:11:12;1337343072;12:26:19;13:09.3;1;3;3;4;3;3;1;3;3;1;1;3;1;1;3;1;1;1;1;5;3;1;0
MT208PN41045;5/18/2012;12:11:12;1337343072;12:52:56;39:46.2;2;3;3;4;1;2;1;1;1;1;1;1;1;1;4;1;1;1;1;5;3;1;1
MT208PN41045;5/18/2012;12:11:12;1337343072;13:11:15;58:05.0;3;3;3;3;3;1;1;1;1;1;1;1;1;3;4;1;1;1;1;5;2;0;1
MT208PN41045;5/18/2012;12:11:12;1337343072;13:29:38;16:28.3;4;3;3;3;3;2;1;1;1;1;1;1;1;1;4;1;1;1;1;5;4;0;1
MT208PN41045;5/18/2012;12:11:12;1337343072;13:46:24;33:14.8;5;3;3;3;3;1;1;1;1;1;1;1;1;1;4;1;1;1;3;5;2;0;1
MT208PN41047;5/18/2012;12:11:12;1337343072;15:37:44;14:34.4;1;4;4;4;3;3;1;1;2;1;1;2;1;1;2;1;1;1;1;3;4;2;0
MT208PN41047;5/18/2012;12:11:12;1337343072;16:01:09;37:59.0;2;4;4;3;3;3;2;1;1;1;1;2;1;1;1;1;1;1;1;2;4;1;0
MT208PN41047;5/18/2012;12:11:12;1337343072;16:16:32;53:22.5;3;4;3;2;4;2;2;1;1;1;1;2;1;1;2;1;1;1;1;2;5;1;0
MT208PN41047;5/18/2012;12:11:12;1337343072;16:32:01;08:51.0;4;4;2;2;4;1;2;2;1;1;1;2;1;1;2;1;1;1;1;2;4;1;0
MT208PN41047;5/18/2012;12:11:12;1337343072;16:46:47;23:36.8;5;4;3;2;2;3;1;1;1;1;1;2;1;1;3;1;1;1;3;3;4;0;0
MT208PN41048;5/23/2012;10:44:28;1337769868;11:21:17;34:35.7;1;2;3;2;1;2;4;4;1;3;5;2;1;2;4;5;4;3;4;4;1;1;3
MT208PN41048;5/23/2012;10:44:28;1337769868;11:45:26;58:44.7;2;3;4;3;4;3;1;3;1;1;4;2;1;1;3;3;2;1;4;3;3;2;0
MT208PN41048;5/23/2012;10:44:28;1337769868;12:06:25;19:43.9;3;3;4;3;5;3;2;3;1;1;4;3;1;1;3;3;1;1;4;2;3;2;0
MT208PN41048;5/23/2012;10:44:28;1337769868;12:23:51;37:10.0;4;2;3;3;4;2;1;4;1;1;4;2;1;1;4;4;1;1;4;2;2;1;2
MT208PN41048;5/23/2012;10:44:28;1337769868;12:50:56;04:14.6;5;-1;-1;-1;-1;-1;-1;-1;-1;-1;-1;-1;-1;-1;-1;-1;-1;-1;-1;-1;-1;0;0
MT208PN41049;5/24/2012;14:41:55;1337870515;15:17:41;09:43.7;1;3;2;3;3;4;1;1;1;1;1;4;1;1;2;1;3;1;1;4;3;1;1
MT208PN41049;5/24/2012;14:41:55;1337870515;15:38:43;30:45.9;2;3;1;2;2;4;1;3;1;1;3;3;1;1;4;1;3;1;1;3;3;1;1
MT208PN41049;5/24/2012;14:41:55;1337870515;15:58:22;50:24.7;3;2;1;1;1;1;1;4;1;1;4;3;1;2;4;1;2;1;1;3;2;0;1
MT208PN41049;5/24/2012;14:41:55;1337870515;16:15:29;07:32.1;4;1;1;1;3;1;1;3;1;1;3;1;1;1;5;1;1;1;1;3;1;0;1
MT208PN41049;5/24/2012;14:41:55;1337870515;16:31:05;23:07.2;5;1;1;1;1;1;1;1;1;1;1;1;1;1;5;1;1;1;1;5;1;0;1
MT208PN41050;5/25/2012;14:53:09;1337957589;15:12:44;16:13.2;1;3;4;4;3;4;1;2;1;1;4;2;1;1;1;1;1;1;1;4;3;3;0
MT208PN41050;5/25/2012;14:53:09;1337957589;15:34:25;37:54.3;2;2;4;1;3;4;1;1;1;1;1;3;1;1;2;1;1;1;1;2;3;2;0
MT208PN41050;5/25/2012;14:53:09;1337957589;15:54:28;57:57.4;3;1;3;1;2;3;1;1;1;1;1;1;1;1;1;1;1;1;1;3;3;0;0
MT208PN41050;5/25/2012;14:53:09;1337957589;16:12:11;15:41.0;4;2;2;1;1;3;1;1;1;1;2;1;1;1;1;1;1;1;1;3;3;0;0
MT208PN41050;5/25/2012;14:53:09;1337957589;16:28:17;31:47.1;5;1;2;1;2;3;1;1;1;1;1;2;1;1;1;1;1;1;1;5;3;0;0
MT208PN41051;5/25/2012;11:38:06;1337945886;11:58:31;17:38.0;1;1;1;3;1;3;1;1;1;1;2;3;1;2;4;1;1;1;1;1;3;0;1
MT208PN41051;5/25/2012;11:38:06;1337945886;12:24:34;43:41.0;2;2;2;2;2;1;1;1;1;1;2;3;1;1;3;1;1;1;1;1;4;0;0
MT208PN41051;5/25/2012;11:38:06;1337945886;12:39:42;58:49.2;3;1;1;2;3;3;1;2;1;1;2;2;1;1;5;2;1;1;1;1;2;0;1
MT208PN41051;5/25/2012;11:38:06;1337945886;12:55:46;14:53.3;4;4;3;4;3;3;1;1;1;1;1;1;1;1;2;1;1;1;2;1;4;1;0
MT208PN41051;5/25/2012;11:38:06;1337945886;13:10:51;29:58.0;5;3;1;1;3;4;1;1;1;1;2;2;1;1;2;1;1;1;2;1;4;1;0
MT208PN41052;5/28/2012;14:38:07;1338215887;15:01:17;20:30.6;1;3;3;4;3;3;1;1;1;1;2;1;1;1;2;1;1;1;4;5;4;1;0
MT208PN41052;5/28/2012;14:38:07;1338215887;15:22:12;41:26.1;2;3;3;3;3;3;1;1;1;1;1;1;1;1;3;1;1;1;1;1;3;0;0
MT208PN41052;5/28/2012;14:38:07;1338215887;15:41:02;00:15.7;3;3;3;3;3;3;1;1;1;1;1;1;1;1;3;1;1;1;1;5;3;0;0
MT208PN41052;5/28/2012;14:38:07;1338215887;15:56:34;15:47.6;4;3;3;3;2;2;1;1;1;1;1;2;1;1;3;1;1;1;1;5;3;0;0
MT208PN41052;5/28/2012;14:38:07;1338215887;16:12:20;31:34.0;5;3;3;3;3;1;1;1;1;1;1;1;1;1;3;1;1;1;1;4;3;0;0
MT208PN41053;5/29/2012;15:31:19;1338305479;15:51:45;16:55.6;1;3;3;1;1;2;1;3;1;1;3;3;1;1;4;2;1;1;1;1;4;0;1
MT208PN41053;5/29/2012;15:31:19;1338305479;16:22:36;47:47.0;2;1;1;1;1;2;1;4;1;1;4;3;1;1;5;1;2;1;1;1;4;0;1
MT208PN41053;5/29/2012;15:31:19;1338305479;16:34:03;59:14.1;3;1;1;1;1;2;1;5;1;1;5;2;1;1;4;1;1;1;1;1;2;0;1
MT208PN41053;5/29/2012;15:31:19;1338305479;16:51:45;16:55.7;4;1;1;1;1;2;1;3;1;1;4;2;1;1;4;1;2;1;1;1;4;0;1
MT208PN41053;5/29/2012;15:31:19;1338305479;17:09:38;34:49.0;5;3;3;3;4;4;1;1;1;1;2;1;1;1;4;3;1;1;2;1;4;2;1
MT208PN41054;5/30/2012;13:33:37;1338384817;13:50:21;14:49.6;1;4;3;5;2;5;1;1;1;1;2;3;1;1;2;1;1;1;1;5;4;2;0
MT208PN41054;5/30/2012;13:33:37;1338384817;14:13:19;37:47.4;2;3;2;4;2;4;3;1;1;1;1;2;1;1;3;2;1;1;1;2;4;2;0
MT208PN41054;5/30/2012;13:33:37;1338384817;14:31:50;56:19.0;3;3;3;4;2;4;2;1;1;1;2;1;1;1;1;3;1;1;1;4;4;2;0
MT208PN41054;5/30/2012;13:33:37;1338384817;14:47:29;11:57.5;4;3;3;4;3;4;3;1;1;1;1;1;1;1;1;3;1;1;1;3;4;2;0
MT208PN41054;5/30/2012;13:33:37;1338384817;15:04:08;28:36.9;5;2;3;2;2;3;1;1;1;1;3;1;1;1;3;2;1;2;1;2;4;0;0
MT208PN41055;5/30/2012;11:00:32;1338375632;11:16:33;13:29.5;1;2;4;3;2;5;2;3;1;1;1;1;1;2;3;3;4;1;2;3;4;2;1
MT208PN41055;5/30/2012;11:00:32;1338375632;11:39:37;36:33.5;2;2;1;1;2;2;2;3;1;2;5;1;1;3;4;3;5;4;2;4;3;0;3
MT208PN41055;5/30/2012;11:00:32;1338375632;12:02:22;59:18.2;3;2;2;2;2;1;1;4;1;3;5;4;1;5;5;5;2;1;1;1;1;0;4
MT208PN41055;5/30/2012;11:00:32;1338375632;12:18:03;14:59.5;4;1;1;1;1;1;1;5;1;4;5;1;1;5;5;5;1;1;1;3;1;0;3
MT208PN41055;5/30/2012;11:00:32;1338375632;12:34:09;31:05.2;5;1;1;1;1;1;1;4;1;1;5;1;1;5;5;5;1;1;1;1;1;0;3
MT208PN41056;5/31/2012;10:36:50;1338460610;10:54:44;15:22.5;1;2;2;3;1;2;1;1;2;1;2;3;1;1;3;1;3;1;1;3;5;0;0
MT208PN41056;5/31/2012;10:36:50;1338460610;11:19:18;39:56.5;2;1;2;3;2;4;1;1;1;1;1;1;1;1;2;2;2;1;1;4;5;1;0
MT208PN41056;5/31/2012;10:36:50;1338460610;11:37:53;58:31.9;3;3;2;3;1;3;1;1;1;1;1;2;1;1;3;1;2;1;1;4;5;0;0
MT208PN41056;5/31/2012;10:36:50;1338460610;11:54:32;15:11.1;4;2;2;2;1;3;1;1;1;1;2;1;1;2;1;1;2;1;1;3;5;0;0
MT208PN41056;5/31/2012;10:36:50;1338460610;12:10:22;31:01.3;5;2;1;2;1;4;1;1;1;1;1;1;1;1;2;1;2;1;1;3;5;1;0
MT208PN41058;06/05/2012;10:49:13;1338893353;11:16:59;25:15.7;1;4;5;3;3;4;1;1;1;1;2;2;1;1;1;1;2;1;4;5;4;2;0
MT208PN41058;06/05/2012;10:49:13;1338893353;11:40:53;49:09.5;2;3;4;2;2;4;1;1;1;1;3;4;3;1;4;4;2;1;4;5;3;2;3
MT208PN41058;06/05/2012;10:49:13;1338893353;12:05:12;13:29.3;3;3;3;1;3;3;1;1;1;1;4;4;1;1;3;1;3;1;1;3;3;0;1
MT208PN41058;06/05/2012;10:49:13;1338893353;12:22:15;30:32.0;4;3;5;3;3;5;1;1;1;1;4;3;1;1;1;1;1;1;4;4;2;2;0
MT208PN41058;06/05/2012;10:49:13;1338893353;12:38:04;46:21.1;5;4;4;3;4;4;1;1;1;1;1;1;2;2;1;1;1;1;1;1;3;3;0
MT208PN41059;06/04/2012;10:59:51;1338807591;11:32:22;30:01.5;1;4;5;5;4;5;1;1;1;1;1;1;1;1;1;4;1;1;1;1;5;4;1
MT208PN41059;06/04/2012;10:59:51;1338807591;11:53:54;51:33.8;2;5;5;5;5;5;1;1;1;1;1;1;1;1;1;5;1;1;1;1;5;4;1
MT208PN41059;06/04/2012;10:59:51;1338807591;12:13:48;11:27.0;3;5;5;5;5;1;1;1;1;1;1;1;1;1;1;1;1;1;1;1;5;3;0
MT208PN41059;06/04/2012;10:59:51;1338807591;12:29:32;27:11.0;4;4;5;5;5;5;1;1;1;1;3;1;1;1;1;3;1;1;1;1;5;4;0
MT208PN41059;06/04/2012;10:59:51;1338807591;12:46:26;44:05.3;5;5;5;5;5;1;1;1;1;1;1;1;1;1;1;1;1;1;1;1;1;3;0
MT208PN41060;06/06/2012;14:58:10;1338994690;15:15:16;15:16.4;1;4;5;5;4;5;2;1;1;1;1;1;1;1;2;1;2;1;2;3;4;4;0
MT208PN41060;06/06/2012;14:58:10;1338994690;15:36:36;36:36.5;2;5;5;5;4;5;4;1;1;1;1;1;1;1;1;1;2;1;3;3;5;5;0
MT208PN41060;06/06/2012;14:58:10;1338994690;15:54:16;54:17.0;3;5;5;5;5;5;4;1;1;1;1;1;1;1;2;1;2;1;3;1;5;5;0
MT208PN41060;06/06/2012;14:58:10;1338994690;16:09:47;09:48.0;4;5;5;5;5;5;4;1;2;1;1;2;1;1;1;1;2;1;3;1;5;5;0
MT208PN41060;06/06/2012;14:58:10;1338994690;16:25:39;25:40.2;5;5;5;5;4;5;4;1;1;1;1;1;1;1;2;1;1;1;2;1;5;5;0
MT208PN41061;06/06/2012;10:39:17;1338979157;10:54:37;12:46.7;1;5;5;5;5;5;1;1;1;1;1;1;1;1;1;1;1;1;1;3;5;4;0
MT208PN41061;06/06/2012;10:39:17;1338979157;11:17:26;35:36.1;2;5;5;5;4;1;1;1;1;1;1;1;1;1;3;1;1;1;1;3;4;3;0
MT208PN41061;06/06/2012;10:39:17;1338979157;11:35:57;54:06.6;3;4;3;3;3;3;1;1;1;1;1;1;1;1;5;1;1;1;1;3;4;0;1
MT208PN41061;06/06/2012;10:39:17;1338979157;11:51:52;10:01.5;4;4;4;3;3;1;1;1;1;1;1;1;1;1;1;1;1;1;1;3;4;1;0
MT208PN41061;06/06/2012;10:39:17;1338979157;12:07:33;25:43.2;5;4;4;4;3;1;1;1;1;1;1;1;1;1;1;1;1;1;1;3;4;2;0
MT208PN41063;06/06/2012;10:39:17;1338979157;15:17:26;19:58.7;1;3;3;3;3;3;1;3;2;2;4;2;2;2;4;4;2;3;3;3;2;0;2
MT208PN41063;06/06/2012;10:39:17;1338979157;15:45:08;47:39.8;2;3;2;3;3;4;1;3;2;3;3;3;2;2;4;3;3;2;4;5;3;1;1
MT208PN41063;06/06/2012;10:39:17;1338979157;16:08:44;11:15.8;3;4;4;4;4;4;2;2;3;1;2;2;2;2;2;1;2;2;3;3;4;4;0
MT208PN41063;06/06/2012;10:39:17;1338979157;16:24:58;27:30.4;4;3;3;3;2;3;2;2;2;2;2;3;1;2;4;3;2;2;2;4;3;0;1
MT208PN41063;06/06/2012;10:39:17;1338979157;16:40:59;43:31.8;5;3;2;3;3;3;2;2;2;2;2;2;2;3;3;2;2;3;3;4;3;0;0
MT208PN41064;06/08/2012;11:42:46;1339155766;11:58:01;12:33.0;1;3;3;3;3;1;1;2;2;1;3;3;2;2;2;1;1;1;1;3;3;0;0
MT208PN41064;06/08/2012;11:42:46;1339155766;12:24:20;38:52.3;2;3;2;3;3;2;2;2;3;1;3;2;3;3;4;2;1;1;2;2;2;0;1
MT208PN41064;06/08/2012;11:42:46;1339155766;12:38:32;53:04.4;3;2;2;2;2;1;1;2;2;2;4;2;3;2;4;2;2;1;2;3;4;0;1
MT208PN41064;06/08/2012;11:42:46;1339155766;12:59:02;13:34.2;4;2;2;2;2;2;2;3;2;2;4;2;2;2;4;2;2;2;2;3;3;0;1
MT208PN41064;06/08/2012;11:42:46;1339155766;13:09:57;24:28.8;5;2;1;2;2;1;1;2;2;1;4;2;2;3;4;2;2;1;2;2;2;0;1
MT208PN41065;06/08/2012;11:42:46;1339155766;14:28:29;14:05.3;1;3;2;3;2;4;2;2;2;2;3;2;3;2;4;2;2;2;3;4;2;1;1
MT208PN41065;06/08/2012;11:42:46;1339155766;14:51:21;36:57.0;2;4;4;4;4;1;1;2;1;1;2;1;2;1;4;4;1;1;2;5;2;3;2
MT208PN41065;06/08/2012;11:42:46;1339155766;15:10:00;55:36.5;3;2;2;3;3;2;1;3;1;1;4;2;1;1;5;3;1;1;1;4;2;0;1
MT208PN41065;06/08/2012;11:42:46;1339155766;15:25:50;11:26.3;4;2;2;3;3;1;1;2;1;1;4;1;1;1;4;3;1;1;1;4;2;0;1
MT208PN41065;06/08/2012;11:42:46;1339155766;15:41:37;27:13.2;5;2;3;3;3;2;1;2;1;1;2;2;1;1;4;3;1;1;1;4;3;0;1
MT208PN41066;06/08/2012;11:42:46;1339155766;10:54:27;15:58.5;1;3;3;4;2;4;1;1;1;1;1;2;1;1;2;1;3;1;1;4;3;2;0
MT208PN41066;06/08/2012;11:42:46;1339155766;11:18:02;39:34.2;2;3;4;3;3;4;2;1;1;1;1;1;1;1;1;1;2;1;3;3;5;2;0
MT208PN41066;06/08/2012;11:42:46;1339155766;11:37:47;59:18.8;3;3;4;4;3;4;2;1;1;1;1;2;1;1;2;1;2;1;1;3;5;3;0
MT208PN41066;06/08/2012;11:42:46;1339155766;11:53:52;15:23.6;4;3;4;4;2;4;2;1;1;1;2;2;1;1;2;1;1;1;1;3;5;3;0
MT208PN41066;06/08/2012;11:42:46;1339155766;12:10:49;32:20.6;5;4;3;4;3;3;1;1;1;1;1;2;1;1;1;1;1;1;1;3;4;1;0
MT208PN41067;06/08/2012;11:42:46;1339155766;14:33:51;17:19.6;1;3;4;4;4;5;1;1;1;1;2;4;2;1;2;1;2;1;1;4;3;4;1
MT208PN41067;06/08/2012;11:42:46;1339155766;14:57:29;40:57.0;2;3;3;4;2;4;1;1;1;1;2;2;2;1;3;1;3;1;1;4;4;2;0
MT208PN41067;06/08/2012;11:42:46;1339155766;15:18:52;02:20.6;3;1;1;3;2;3;1;1;1;1;3;2;1;1;4;1;2;1;1;2;3;0;1
MT208PN41067;06/08/2012;11:42:46;1339155766;15:34:58;18:26.5;4;1;1;3;3;2;1;1;1;1;2;1;1;1;4;1;2;1;1;5;4;0;1
MT208PN41067;06/08/2012;11:42:46;1339155766;15:51:10;34:38.1;5;1;1;3;2;3;1;1;1;1;3;1;2;1;2;1;3;1;1;5;4;0;0
MT208PN41068;6/13/2012;10:40:42;1339584042;10:58:35;15:42.8;1;3;3;2;3;4;1;1;1;1;1;1;1;1;4;1;2;1;1;5;4;1;1
MT208PN41068;6/13/2012;10:40:42;1339584042;11:19:31;36:38.2;2;3;2;3;3;4;3;1;1;1;1;1;1;1;3;1;1;1;1;5;4;1;0
MT208PN41068;6/13/2012;10:40:42;1339584042;11:38:24;55:31.7;3;2;2;3;3;3;1;1;1;1;1;1;1;1;4;1;1;1;1;5;4;0;1
MT208PN41068;6/13/2012;10:40:42;1339584042;11:53:55;11:02.6;4;3;3;1;3;3;1;1;1;1;1;1;1;1;4;1;1;1;1;5;4;0;1
MT208PN41068;6/13/2012;10:40:42;1339584042;12:09:36;26:43.2;5;3;3;3;3;3;1;1;1;1;1;1;1;1;4;1;1;1;1;5;4;0;1
MT208PN41069;6/13/2012;10:40:42;1339584042;09:42:19;24:05.3;1;3;4;3;3;4;2;2;1;3;3;2;1;1;3;4;4;1;4;3;3;2;2
MT208PN41069;6/13/2012;10:40:42;1339584042;10:03:28;45:14.7;2;3;4;4;3;4;4;1;1;1;1;2;1;1;3;1;2;1;3;3;4;4;0
MT208PN41069;6/13/2012;10:40:42;1339584042;10:22:30;04:16.4;3;3;4;3;3;3;3;4;1;1;2;3;1;1;2;2;1;1;2;5;4;1;0
MT208PN41069;6/13/2012;10:40:42;1339584042;10:38:30;20:16.4;4;3;4;3;4;2;4;2;1;1;1;2;1;1;2;3;1;1;2;5;4;3;0
MT208PN41069;6/13/2012;10:40:42;1339584042;10:54:20;36:06.3;5;4;4;3;3;2;4;1;1;1;1;2;1;1;2;1;2;1;2;3;3;2;0
MT208PN41070;6/18/2012;13:09:30;1340024970;13:27:24;16:01.9;1;3;2;3;3;4;2;3;3;2;4;2;1;1;4;4;3;3;2;4;3;1;2
MT208PN41070;6/18/2012;13:09:30;1340024970;13:54:36;43:13.5;2;4;2;3;3;3;1;2;2;3;3;3;1;2;4;3;3;2;1;5;3;0;1
MT208PN41070;6/18/2012;13:09:30;1340024970;14:09:33;58:10.5;3;2;2;3;2;2;1;3;1;1;4;1;1;1;5;4;1;2;1;5;4;0;2
MT208PN41070;6/18/2012;13:09:30;1340024970;14:25:26;14:03.5;4;2;1;2;1;3;1;3;3;2;4;3;1;2;4;3;3;1;3;4;3;0;1
MT208PN41070;6/18/2012;13:09:30;1340024970;14:41:53;30:30.9;5;1;1;3;3;3;1;2;3;4;4;3;3;3;3;4;3;3;3;3;4;0;1
MT208PN41071;6/18/2012;13:09:30;1340024970;10:57:31;15:43.9;1;3;3;3;3;4;3;3;3;3;3;3;3;3;4;3;3;3;3;5;3;1;1
MT208PN41071;6/18/2012;13:09:30;1340024970;11:23:32;41:45.1;2;3;4;3;3;4;3;3;3;3;3;3;3;3;3;3;3;3;3;4;4;2;0
MT208PN41071;6/18/2012;13:09:30;1340024970;11:44:11;02:24.1;3;3;3;3;3;4;3;3;3;3;3;4;3;3;3;3;3;3;3;3;4;1;1
MT208PN41071;6/18/2012;13:09:30;1340024970;11:55:59;14:12.3;4;3;3;3;3;4;3;3;3;3;3;4;3;3;4;3;3;3;3;3;4;1;2
MT208PN41071;6/18/2012;13:09:30;1340024970;12:11:41;29:53.8;5;3;3;3;3;3;3;3;3;3;3;4;3;3;3;3;3;3;3;3;4;0;1
MT208PN41072;6/20/2012;13:24:33;1340198673;13:47:45;19:52.0;1;4;4;2;1;4;2;1;1;1;1;2;2;1;1;1;3;1;1;3;4;2;0
MT208PN41072;6/20/2012;13:24:33;1340198673;14:09:40;41:47.4;2;3;3;1;1;4;3;1;1;1;1;3;3;1;1;1;3;1;1;4;4;1;0
MT208PN41072;6/20/2012;13:24:33;1340198673;14:29:00;01:07.4;3;3;3;1;1;4;3;1;1;1;2;3;2;1;2;1;3;1;1;3;4;1;0
MT208PN41072;6/20/2012;13:24:33;1340198673;14:46:21;18:27.4;4;3;2;1;1;4;4;1;1;1;2;3;1;1;1;1;2;1;1;3;4;2;0
MT208PN41072;6/20/2012;13:24:33;1340198673;15:02:11;34:18.3;5;2;1;2;1;4;3;1;1;1;3;3;2;1;2;1;3;1;1;3;4;1;0
MT208PN41073;6/21/2012;10:35:43;1340274943;10:52:48;15:08.1;1;3;3;1;2;3;1;1;1;1;1;3;1;1;2;2;2;1;2;5;3;0;0
MT208PN41073;6/21/2012;10:35:43;1340274943;11:15:39;37:59.0;2;3;3;2;1;3;1;1;1;1;1;4;1;1;2;1;3;1;1;5;3;0;1
MT208PN41073;6/21/2012;10:35:43;1340274943;11:33:59;56:19.2;3;3;3;2;2;4;2;1;1;1;1;3;1;1;1;1;3;1;2;5;3;1;0
MT208PN41073;6/21/2012;10:35:43;1340274943;11:49:43;12:02.6;4;2;1;1;1;3;1;1;1;1;2;4;1;1;3;1;4;1;3;5;3;0;2
MT208PN41073;6/21/2012;10:35:43;1340274943;12:10:46;33:06.1;5;3;3;3;3;2;1;1;1;1;2;3;1;1;4;1;2;1;2;5;2;0;1
MT208PN41074;6/21/2012;10:35:43;1340274943;15:39:14;27:30.0;1;3;3;3;3;4;1;1;1;1;1;1;1;1;2;1;1;1;2;3;4;1;0
MT208PN41074;6/21/2012;10:35:43;1340274943;16:00:10;48:25.3;2;3;3;3;3;4;1;1;1;1;1;1;1;1;2;1;1;1;2;3;4;1;0
MT208PN41074;6/21/2012;10:35:43;1340274943;16:18:34;06:49.0;3;3;3;2;2;3;1;1;1;1;1;1;1;1;1;1;1;1;2;3;4;0;0
MT208PN41074;6/21/2012;10:35:43;1340274943;16:39:53;28:08.4;4;3;3;3;3;3;1;1;1;1;1;1;1;1;1;1;1;1;2;3;4;0;0
MT208PN41074;6/21/2012;10:35:43;1340274943;16:55:41;43:56.6;5;3;3;3;2;3;1;1;1;1;1;1;1;1;1;1;1;1;2;3;4;0;0
MT208PN41075;6/22/2012;11:42:03;1340365323;12:03:05;17:25.9;1;3;4;4;4;4;1;2;1;1;4;2;1;1;4;2;1;1;4;4;4;4;1
MT208PN41075;6/22/2012;11:42:03;1340365323;12:24:54;39:14.9;2;4;4;4;4;4;3;2;1;1;2;1;1;1;3;1;2;1;1;4;4;4;0
MT208PN41075;6/22/2012;11:42:03;1340365323;12:45:17;59:37.7;3;3;4;4;4;4;1;2;1;1;3;1;1;1;4;1;1;1;1;4;4;4;1
MT208PN41075;6/22/2012;11:42:03;1340365323;13:06:52;21:12.9;4;4;4;4;4;4;1;2;1;1;4;1;1;1;4;1;1;1;1;4;4;4;1
MT208PN41075;6/22/2012;11:42:03;1340365323;13:23:19;37:39.5;5;4;4;4;4;4;1;1;1;1;1;1;1;1;2;1;1;1;1;4;4;4;0
MT208PN41076;6/22/2012;14:34:22;1340375662;14:53:07;16:13.2;1;3;2;3;2;4;3;1;2;1;4;4;4;3;2;4;4;1;3;3;4;1;4
MT208PN41076;6/22/2012;14:34:22;1340375662;15:15:07;38:13.6;2;4;3;4;4;5;4;1;1;1;3;4;3;1;1;4;4;1;3;3;4;4;3
MT208PN41076;6/22/2012;14:34:22;1340375662;15:34:50;57:56.3;3;3;3;4;2;4;3;1;1;1;4;4;4;1;2;4;3;1;3;3;4;2;3
MT208PN41076;6/22/2012;14:34:22;1340375662;15:50:50;13:56.2;4;3;3;3;3;4;4;1;1;1;4;4;3;2;2;4;4;1;3;3;4;2;3
MT208PN41076;6/22/2012;14:34:22;1340375662;16:06:53;29:59.0;5;4;3;3;4;4;4;1;1;1;3;3;1;1;4;4;4;1;3;3;4;3;3
MT208PN41078;6/28/2012;10:41:57;1340880117;12:35:47;16:31.3;1;4;4;3;2;4;2;1;1;1;1;1;1;1;1;4;3;1;4;4;4;2;1
MT208PN41078;6/28/2012;10:41:57;1340880117;13:01:05;41:50.1;2;5;5;5;3;1;3;1;1;1;1;1;1;1;1;5;1;1;1;3;4;2;1
MT208PN41078;6/28/2012;10:41:57;1340880117;13:19:50;00:34.6;3;4;4;4;3;4;4;1;1;1;1;1;1;1;1;4;1;1;1;1;4;4;1
MT208PN41078;6/28/2012;10:41:57;1340880117;13:35:40;16:25.3;4;4;4;4;4;4;4;1;1;1;1;1;1;1;1;4;1;1;1;3;4;5;1
MT208PN41078;6/28/2012;10:41:57;1340880117;13:51:55;32:39.7;5;4;4;4;3;4;3;1;1;1;1;2;1;1;1;4;1;1;1;3;4;3;1
MT208PN41079;6/28/2012;10:41:57;1340880117;12:52:40;16:02.1;1;3;2;3;2;4;1;1;1;1;4;4;3;1;5;4;1;1;1;5;3;1;3
MT208PN41079;6/28/2012;10:41:57;1340880117;13:18:38;41:59.7;2;1;2;3;1;2;1;1;1;1;4;4;3;3;4;1;1;1;1;5;2;0;2
MT208PN41079;6/28/2012;10:41:57;1340880117;13:38:12;01:34.3;3;2;2;3;1;3;1;1;1;1;4;4;2;3;2;1;1;1;1;5;2;0;1
MT208PN41079;6/28/2012;10:41:57;1340880117;13:57:24;20:45.5;4;3;2;3;1;1;1;1;1;1;4;1;1;3;4;1;1;1;1;5;2;0;1
MT208PN41079;6/28/2012;10:41:57;1340880117;14:14:06;37:28.3;5;2;2;2;2;1;1;1;1;1;4;4;2;1;5;1;2;1;1;5;1;0;2
MT208PN41080;07/09/2012;13:43:39;1341841419;14:06:50;19:59.7;1;2;3;4;3;4;2;2;2;1;4;3;3;3;4;3;4;2;2;4;3;2;2
MT208PN41080;07/09/2012;13:43:39;1341841419;14:30:30;43:39.6;2;2;2;4;2;3;1;2;2;1;4;4;4;4;4;2;4;2;1;2;2;1;5
MT208PN41080;07/09/2012;13:43:39;1341841419;14:48:51;02:00.3;3;2;2;2;1;3;1;3;3;1;4;4;5;4;5;3;4;3;1;2;2;0;5
MT208PN41080;07/09/2012;13:43:39;1341841419;15:04:26;17:35.5;4;2;2;3;1;1;1;3;3;1;4;4;4;3;5;2;4;3;1;2;3;0;4
MT208PN41080;07/09/2012;13:43:39;1341841419;15:21:45;34:55.1;5;2;2;2;1;3;2;2;2;1;3;3;3;3;4;1;3;2;1;4;3;0;1
MT208PN41081;07/11/2012;10:35:44;1342002944;10:53:03;15:31.7;1;2;2;2;2;3;1;1;1;1;2;2;1;2;4;2;4;1;1;4;2;0;2
MT208PN41081;07/11/2012;10:35:44;1342002944;11:14:09;36:37.8;2;1;1;2;1;4;1;1;1;1;2;2;1;1;4;1;3;1;1;5;2;1;1
MT208PN41081;07/11/2012;10:35:44;1342002944;11:32:48;55:16.5;3;2;1;2;1;3;1;1;1;1;2;2;1;1;5;1;3;1;1;5;2;0;1
MT208PN41081;07/11/2012;10:35:44;1342002944;11:48:29;10:57.6;4;1;1;2;1;3;1;1;1;1;2;2;1;1;5;1;2;1;2;5;2;0;1
MT208PN41081;07/11/2012;10:35:44;1342002944;12:04:09;26:38.0;5;-1;-1;-1;-1;-1;-1;-1;-1;-1;-1;-1;-1;-1;-1;-1;-1;-1;-1;-1;-1;0;0
MT208PN41082;07/12/2012;14:06:30;1342101990;14:25:10;16:27.0;1;3;2;3;2;5;1;1;1;2;2;4;5;2;1;2;1;2;1;3;3;1;2
MT208PN41082;07/12/2012;14:06:30;1342101990;14:46:38;37:55.1;2;2;2;1;1;4;1;1;1;2;5;5;4;3;2;1;2;1;2;3;3;1;2
MT208PN41082;07/12/2012;14:06:30;1342101990;15:06:54;58:11.8;3;3;3;3;1;2;1;1;1;3;4;4;4;4;1;1;3;1;1;3;2;0;3
MT208PN41082;07/12/2012;14:06:30;1342101990;15:22:41;13:57.9;4;1;2;2;2;3;1;1;1;1;3;4;4;4;1;1;1;1;1;3;3;0;3
MT208PN41082;07/12/2012;14:06:30;1342101990;15:38:53;30:09.9;5;1;1;1;1;3;1;2;1;3;5;4;4;4;1;1;1;1;1;3;3;0;3
MT208PN41083;7/13/2012;14:06:08;1342188368;14:23:05;15:03.5;1;5;4;3;3;4;1;1;1;1;1;1;1;1;1;3;1;1;1;5;4;2;0
MT208PN41083;7/13/2012;14:06:08;1342188368;14:44:17;36:15.9;2;4;3;3;3;4;4;1;1;1;1;2;1;1;1;3;1;1;1;5;4;2;0
MT208PN41083;7/13/2012;14:06:08;1342188368;15:02:12;54:10.5;3;3;3;1;1;4;4;1;1;1;1;1;1;1;1;1;1;1;1;3;4;2;0
MT208PN41083;7/13/2012;14:06:08;1342188368;15:18:13;10:11.3;4;4;3;3;3;4;4;3;2;1;3;2;1;1;1;3;1;1;3;3;4;2;0
MT208PN41083;7/13/2012;14:06:08;1342188368;15:34:01;25:59.3;5;3;3;3;3;1;1;3;1;1;1;1;1;1;1;1;1;1;1;3;3;0;0
MT208PN41084;7/26/2012;13:41:18;1343310078;14:00:23;15:09.1;1;3;4;4;3;4;2;1;1;1;1;3;1;1;2;1;2;1;2;4;4;3;0
MT208PN41084;7/26/2012;13:41:18;1343310078;14:23:30;38:15.8;2;3;3;4;3;4;1;1;1;1;2;2;1;1;3;1;2;1;4;3;4;2;0
MT208PN41084;7/26/2012;13:41:18;1343310078;14:42:29;57:14.6;3;2;2;2;2;3;1;3;1;1;3;2;1;1;4;1;4;1;3;3;2;0;2
MT208PN41084;7/26/2012;13:41:18;1343310078;14:58:08;12:53.7;4;2;2;2;2;3;1;1;1;1;1;3;2;3;3;1;1;1;2;3;3;0;0
MT208PN41084;7/26/2012;13:41:18;1343310078;15:14:15;29:01.3;5;2;2;2;2;2;1;1;1;1;1;4;4;2;3;1;3;3;1;2;3;0;2
MT208PN41085;7/30/2012;11:36:50;1343648210;11:57:05;17:51.0;1;2;2;2;2;1;1;1;2;1;4;2;3;1;1;3;1;1;1;1;2;0;0
MT208PN41085;7/30/2012;11:36:50;1343648210;12:20:27;41:13.4;2;1;1;2;1;1;1;3;1;1;4;4;2;1;2;4;1;2;1;1;1;0;2
MT208PN41085;7/30/2012;11:36:50;1343648210;12:38:59;59:45.6;3;1;1;2;1;1;1;3;1;1;5;5;2;4;2;4;1;3;1;1;3;0;3
MT208PN41085;7/30/2012;11:36:50;1343648210;12:55:39;16:24.9;4;1;1;1;1;1;1;4;1;1;5;5;3;5;2;5;1;2;1;1;2;0;3
MT208PN41085;7/30/2012;11:36:50;1343648210;13:11:35;32:21.5;5;1;1;1;1;1;1;3;2;1;5;4;3;4;1;4;1;2;1;1;2;0;3
MT208PN41086;08/01/2012;10:31:05;1343817065;10:47:08;14:10.5;1;3;3;3;3;4;2;1;1;1;1;2;1;1;3;2;1;1;2;5;4;1;0
MT208PN41086;08/01/2012;10:31:05;1343817065;11:08:42;35:19.4;2;3;2;3;2;3;1;1;1;2;1;2;1;2;4;2;2;1;3;4;3;0;1
MT208PN41086;08/01/2012;10:31:05;1343817065;11:26:30;53:08.2;3;2;2;2;2;3;2;1;1;1;1;1;1;1;2;1;2;1;2;4;4;0;0
MT208PN41086;08/01/2012;10:31:05;1343817065;11:42:21;08:58.7;4;2;3;2;2;4;2;2;1;1;2;2;1;1;2;1;2;1;2;4;4;1;0
MT208PN41086;08/01/2012;10:31:05;1343817065;11:58:17;24:54.6;5;2;2;2;2;3;2;1;1;1;1;2;1;1;2;1;2;1;2;4;4;0;0
MT208PN41087;08/01/2012;15:16:13;1343834173;15:35:28;16:09.9;1;2;2;4;2;3;1;1;2;1;2;4;1;2;4;2;2;2;1;3;5;1;2
MT208PN41087;08/01/2012;15:16:13;1343834173;15:58:21;39:03.1;2;2;2;3;2;2;1;3;2;1;3;4;1;3;3;1;4;3;2;3;4;0;2
MT208PN41087;08/01/2012;15:16:13;1343834173;16:16:37;57:19.7;3;2;2;3;2;3;1;3;3;1;4;4;1;3;3;1;4;2;1;3;3;0;2
MT208PN41087;08/01/2012;15:16:13;1343834173;16:32:36;13:18.1;4;2;2;3;2;2;1;3;2;1;4;3;2;3;4;1;4;2;1;3;3;0;2
MT208PN41087;08/01/2012;15:16:13;1343834173;16:48:27;29:09.5;5;2;2;3;2;3;1;1;3;1;3;3;2;3;5;1;1;2;1;3;3;0;1
MT208PN41088;08/03/2012;11:45:08;1343994308;12:03:25;15:47.9;1;2;3;4;2;3;1;1;1;1;1;3;1;3;2;1;1;1;1;5;3;1;0
MT208PN41088;08/03/2012;11:45:08;1343994308;12:27:28;39:51.0;2;1;1;4;3;3;1;1;2;1;2;3;1;1;1;1;3;1;1;1;3;1;0
MT208PN41088;08/03/2012;11:45:08;1343994308;12:46:12;58:35.0;3;1;1;2;1;3;1;2;3;1;5;5;2;3;1;2;5;1;1;1;3;0;2
MT208PN41088;08/03/2012;11:45:08;1343994308;13:04:39;17:02.3;4;3;2;4;4;2;3;3;1;1;3;2;1;1;1;2;1;1;4;1;4;2;0
MT208PN41088;08/03/2012;11:45:08;1343994308;13:19:58;32:20.9;5;1;1;1;1;1;1;5;3;3;5;5;2;3;1;5;4;3;1;1;1;0;3
MT208PN41089;08/06/2012;11:48:07;1344253687;12:08:05;17:17.8;1;3;2;2;3;3;1;2;2;1;3;3;1;1;2;3;2;1;1;3;3;0;0
MT208PN41089;08/06/2012;11:48:07;1344253687;12:30:57;40:09.3;2;2;2;2;3;2;1;2;2;2;3;3;1;3;2;2;2;1;1;2;2;0;0
MT208PN41089;08/06/2012;11:48:07;1344253687;12:54:06;03:18.7;3;2;2;2;2;2;1;3;3;2;4;4;2;3;1;3;3;1;1;2;3;0;1
MT208PN41089;08/06/2012;11:48:07;1344253687;13:10:01;19:13.7;4;2;2;2;2;1;1;3;2;3;4;4;1;4;1;4;3;2;1;1;2;0;3
MT208PN41089;08/06/2012;11:48:07;1344253687;13:26:26;35:38.1;5;2;2;2;2;1;1;2;1;2;3;2;1;2;3;4;2;1;1;1;1;0;1
MT208PN41090;08/06/2012;14:31:24;1344263484;14:54:39;20:54.1;1;3;3;4;3;5;3;1;2;1;2;2;2;1;1;3;4;1;1;5;3;2;1
MT208PN41090;08/06/2012;14:31:24;1344263484;15:16:26;42:40.2;2;3;3;4;3;4;4;1;1;1;2;1;1;1;1;1;1;1;1;1;5;3;0
MT208PN41090;08/06/2012;14:31:24;1344263484;15:38:15;04:29.2;3;4;4;4;4;2;3;1;1;1;1;1;1;1;1;3;1;2;1;3;5;3;0
MT208PN41090;08/06/2012;14:31:24;1344263484;15:51:20;17:35.0;4;4;4;4;4;4;3;1;1;1;2;2;1;1;1;3;2;2;1;3;5;4;0
MT208PN41090;08/06/2012;14:31:24;1344263484;16:10:38;36:52.7;5;2;2;2;1;3;2;3;2;2;4;4;4;3;1;2;2;4;3;3;3;0;3
MT208PN41091;08/07/2012;11:50:51;1344340251;12:05:59;14:23.8;1;3;4;3;2;3;2;3;2;2;3;3;2;2;3;4;3;2;3;3;4;1;1
MT208PN41091;08/07/2012;11:50:51;1344340251;12:32:35;40:59.4;2;3;2;3;3;4;2;3;3;2;4;4;3;3;3;3;4;3;4;2;4;1;2
MT208PN41091;08/07/2012;11:50:51;1344340251;12:57:51;06:15.7;3;2;2;2;2;4;2;3;4;2;4;5;4;4;3;3;3;3;3;2;3;1;3
MT208PN41091;08/07/2012;11:50:51;1344340251;13:13:51;22:15.8;4;3;3;3;3;2;2;3;3;2;4;4;2;3;4;2;2;2;3;4;3;0;2
MT208PN41091;08/07/2012;11:50:51;1344340251;13:31:32;39:56.4;5;2;2;2;2;3;1;3;3;1;4;4;3;4;5;3;3;3;4;3;3;0;3
MT208PN41092;08/08/2012;14:39:50;1344436790;14:59:07;16:51.5;1;4;3;4;3;3;2;1;1;1;1;1;2;1;1;1;1;1;1;4;4;1;0
MT208PN41092;08/08/2012;14:39:50;1344436790;15:22:14;39:58.7;2;3;3;3;3;3;1;1;1;1;1;1;1;1;1;3;1;1;3;4;3;0;0
MT208PN41092;08/08/2012;14:39:50;1344436790;15:39:40;57:24.7;3;3;3;2;2;3;1;1;1;1;1;1;1;1;1;1;1;1;1;3;3;0;0
MT208PN41092;08/08/2012;14:39:50;1344436790;15:55:15;12:59.7;4;3;3;3;3;3;1;1;1;1;1;1;1;1;1;1;1;1;2;3;3;0;0
MT208PN41092;08/08/2012;14:39:50;1344436790;16:11:15;28:59.3;5;3;2;2;3;2;1;1;1;1;1;1;1;1;2;1;1;1;1;3;4;0;0
MT208PN42020;08/08/2012;14:39:50;1344436790;13:21:00;14:08.4;1;4;4;3;4;4;4;1;1;1;3;3;1;1;3;3;1;1;1;2;4;4;0
MT208PN42020;08/08/2012;14:39:50;1344436790;13:44:06;37:15.1;2;3;3;3;3;4;2;2;2;1;3;3;1;2;3;3;5;1;4;3;5;1;1
MT208PN42020;08/08/2012;14:39:50;1344436790;14:03:27;56:35.9;3;2;3;3;3;4;3;3;4;1;4;4;3;3;4;3;5;1;4;3;5;1;3
MT208PN42020;08/08/2012;14:39:50;1344436790;14:25:16;18:24.8;4;2;2;2;3;3;3;3;4;1;5;5;3;3;4;2;5;3;3;3;5;0;3
MT208PN42020;08/08/2012;14:39:50;1344436790;14:41:57;35:06.3;5;4;3;3;3;2;2;3;4;2;4;4;2;3;3;3;4;2;3;3;5;0;2
MT208PN42029;08/08/2012;14:39:50;1344436790;10:21:22;19:11.8;1;3;2;4;3;3;1;1;2;1;1;3;1;1;3;3;1;1;1;5;4;1;0
MT208PN42029;08/08/2012;14:39:50;1344436790;10:43:06;40:55.9;2;3;2;3;3;3;1;2;1;1;2;1;2;2;4;2;4;1;1;4;4;0;2
MT208PN42029;08/08/2012;14:39:50;1344436790;11:03:59;01:49.4;3;3;4;4;4;4;4;1;2;1;2;1;2;1;3;4;3;1;1;4;4;5;1
MT208PN42029;08/08/2012;14:39:50;1344436790;11:20:09;17:59.1;4;2;2;3;3;2;2;1;2;1;3;1;2;1;5;2;4;1;1;3;3;0;2
MT208PN42029;08/08/2012;14:39:50;1344436790;11:37:11;35:01.4;5;3;2;3;3;2;3;1;1;1;2;2;2;2;4;2;3;1;1;3;4;0;1
MT208PN42033;08/08/2012;14:39:50;1344436790;13:24:03;18:34.0;1;4;5;5;5;5;1;1;1;1;1;2;1;1;1;1;1;1;2;4;5;4;0
MT208PN42033;08/08/2012;14:39:50;1344436790;13:48:43;43:14.3;2;5;5;5;5;4;4;1;1;1;1;1;1;1;1;1;1;1;4;1;5;5;0
MT208PN42033;08/08/2012;14:39:50;1344436790;14:13:09;05:20.5;3;5;5;5;5;4;4;1;1;1;1;2;1;1;1;1;1;1;4;1;5;5;0
MT208PN42033;08/08/2012;14:39:50;1344436790;14:28:09;20:07.9;4;5;5;5;5;4;4;1;1;1;1;2;1;1;1;1;1;1;4;1;5;5;0
MT208PN42033;08/08/2012;14:39:50;1344436790;14:46:27;38:15.1;5;3;4;2;4;3;1;1;2;1;1;3;2;3;1;1;2;1;3;1;4;2;0
MT208PN42039;08/08/2012;14:39:50;1344436790;14:33:35;29:45.1;1;3;4;3;3;4;3;1;1;1;1;1;1;1;2;1;2;1;1;5;3;2;0
MT208PN42039;08/08/2012;14:39:50;1344436790;14:56:35;52:45.6;2;3;3;3;3;1;4;3;1;3;4;3;1;1;4;3;3;2;3;2;2;1;1
MT208PN42039;08/08/2012;14:39:50;1344436790;15:17:02;13:12.5;3;1;1;1;1;1;1;4;1;1;5;2;1;1;5;2;1;2;1;1;3;0;1
MT208PN42039;08/08/2012;14:39:50;1344436790;15:32:42;28:52.4;4;1;1;1;1;1;1;4;1;1;5;3;1;2;5;1;1;2;1;2;3;0;1
MT208PN42039;08/08/2012;14:39:50;1344436790;15:49:08;45:18.5;5;1;1;1;1;1;2;3;1;1;5;1;1;3;5;1;1;2;1;1;3;0;1
MT208PN42042;08/08/2012;14:39:50;1344436790;13:15:22;17:17.0;1;3;4;4;4;4;1;1;2;2;3;3;2;2;2;3;2;2;4;3;5;4;0
MT208PN42042;08/08/2012;14:39:50;1344436790;13:36:31;38:26.2;2;3;3;3;3;4;1;2;4;3;4;4;4;3;3;4;4;3;4;3;4;1;4
MT208PN42042;08/08/2012;14:39:50;1344436790;14:15:22;17:17.7;3;3;3;3;3;4;1;2;3;3;3;3;2;2;2;4;4;2;4;4;5;1;2
MT208PN42042;08/08/2012;14:39:50;1344436790;14:25:54;27:49.1;4;4;4;4;4;5;1;2;2;3;2;2;2;2;2;4;3;1;4;3;5;4;1
MT208PN42042;08/08/2012;14:39:50;1344436790;14:42:55;44:49.8;5;4;4;4;3;5;1;2;2;2;3;3;3;2;2;4;4;3;4;3;5;3;2
MT208PN42043;08/08/2012;14:39:50;1344436790;10:45:07;18:52.7;1;4;4;5;4;5;3;1;2;1;3;2;1;1;1;1;3;1;4;4;5;4;0
MT208PN42043;08/08/2012;14:39:50;1344436790;11:07:49;41:34.8;2;4;4;5;3;5;3;2;1;1;1;1;3;1;1;1;4;1;4;3;5;3;1
MT208PN42043;08/08/2012;14:39:50;1344436790;11:46:41;20:26.0;3;3;2;5;4;5;1;3;1;1;3;4;2;2;4;1;5;3;3;5;3;3;3
MT208PN42043;08/08/2012;14:39:50;1344436790;11:57:51;31:36.9;4;3;2;5;3;4;1;3;1;3;4;4;1;1;3;2;5;1;4;5;5;2;2
MT208PN42043;08/08/2012;14:39:50;1344436790;12:14:37;48:23.0;5;2;3;5;3;4;1;1;1;3;3;3;1;3;4;2;1;1;3;3;3;2;1
MT208PN42046;08/08/2012;14:39:50;1344436790;16:59:00;13:18.7;1;3;2;2;2;2;2;2;1;1;2;3;1;1;4;1;1;2;1;5;2;0;1
MT208PN42046;08/08/2012;14:39:50;1344436790;17:22:04;36:22.5;2;3;3;2;2;3;1;1;1;1;2;2;1;1;4;1;1;1;3;5;2;0;1
MT208PN42046;08/08/2012;14:39:50;1344436790;17:40:38;54:56.0;3;2;2;2;1;2;1;3;1;1;2;1;1;1;5;2;1;2;1;4;2;0;1
MT208PN42046;08/08/2012;14:39:50;1344436790;17:56:03;10:21.7;4;2;1;2;1;1;1;1;1;1;3;1;1;1;5;1;1;1;1;5;1;0;1
MT208PN42046;08/08/2012;14:39:50;1344436790;18:19:09;33:27.6;5;3;2;1;1;1;1;1;1;1;1;1;1;1;4;1;1;1;1;5;2;0;1
MT208PN42049;08/08/2012;14:39:50;1344436790;14:02:30;19:39.9;1;3;2;3;3;3;2;1;1;1;1;1;1;1;5;1;1;1;1;4;3;0;1
MT208PN42049;08/08/2012;14:39:50;1344436790;14:25:48;42:57.8;2;3;4;4;4;4;3;1;1;1;1;1;1;1;2;1;2;1;1;4;5;4;0
MT208PN42049;08/08/2012;14:39:50;1344436790;14:49:19;06:28.8;3;3;2;2;3;3;1;1;1;1;1;1;1;1;3;1;1;1;1;5;3;0;0
MT208PN42049;08/08/2012;14:39:50;1344436790;15:05:29;22:38.9;4;3;2;2;3;3;4;1;1;1;1;1;1;1;1;1;1;1;4;3;4;1;0
MT208PN42049;08/08/2012;14:39:50;1344436790;15:22:21;39:30.6;5;4;4;4;4;4;1;1;1;1;1;3;1;1;1;1;1;1;3;3;4;4;0
MT208PN42052;08/08/2012;14:39:50;1344436790;10:19:48;12:42.5;1;5;5;5;5;4;4;5;2;1;5;3;4;3;5;3;1;3;3;4;3;5;2
MT208PN42052;08/08/2012;14:39:50;1344436790;10:40:45;33:39.8;2;2;2;3;1;1;1;3;3;3;2;2;2;3;5;2;1;1;2;1;1;0;1
MT208PN42052;08/08/2012;14:39:50;1344436790;10:59:06;52:00.4;3;4;1;1;1;1;1;1;1;1;5;1;1;1;5;1;1;5;1;3;3;0;2
MT208PN42052;08/08/2012;14:39:50;1344436790;11:15:14;08:08.2;4;1;1;1;1;5;4;4;5;5;5;5;5;5;5;2;5;5;2;5;5;2;6
MT208PN42052;08/08/2012;14:39:50;1344436790;11:33:26;26:20.7;5;1;1;1;1;3;3;3;5;3;5;5;5;5;5;5;3;5;5;3;3;0;6
MT208PN42057;08/08/2012;14:39:50;1344436790;09:15:09;17:18.0;1;5;5;5;3;5;2;1;1;1;1;1;1;1;3;4;1;1;1;5;3;3;1
MT208PN42057;08/08/2012;14:39:50;1344436790;09:38:48;40:56.3;2;4;3;5;3;4;5;1;1;1;1;1;1;1;2;4;1;1;1;3;4;3;1
MT208PN42057;08/08/2012;14:39:50;1344436790;09:58:47;00:55.4;3;5;5;5;5;3;1;1;1;1;1;1;1;1;2;4;1;1;3;5;4;3;1
MT208PN42057;08/08/2012;14:39:50;1344436790;10:15:03;16:57.2;4;4;4;5;4;3;4;1;1;1;1;1;1;1;3;4;1;1;3;5;4;4;1
MT208PN42057;08/08/2012;14:39:50;1344436790;10:32:11;33:50.0;5;4;5;5;4;1;3;1;1;1;1;1;1;1;2;5;1;1;4;5;5;3;1
MT208PN42065;08/08/2012;14:39:50;1344436790;15:52:16;17:08.0;1;3;3;5;4;4;1;1;3;2;2;3;1;1;3;2;3;1;1;5;4;3;0
MT208PN42065;08/08/2012;14:39:50;1344436790;16:13:22;38:13.7;2;3;3;4;4;3;1;1;1;1;2;3;1;2;3;2;3;1;1;3;4;2;0
MT208PN42065;08/08/2012;14:39:50;1344436790;16:33:16;58:08.2;3;2;2;3;3;4;1;1;1;1;3;4;1;1;3;1;3;1;1;1;4;1;1
MT208PN42065;08/08/2012;14:39:50;1344436790;16:49:02;13:54.3;4;3;3;4;4;4;1;1;1;1;4;3;1;2;1;1;3;1;1;2;4;3;0
MT208PN42065;08/08/2012;14:39:50;1344436790;17:06:17;31:09.6;5;2;2;3;3;2;1;1;1;3;2;1;1;4;5;1;3;1;1;3;4;0;2
MT208PN42066;08/08/2012;14:39:50;1344436790;14:24:16;17:47.4;1;4;4;4;3;4;3;1;1;1;2;3;1;2;3;3;2;1;4;3;4;3;0
MT208PN42066;08/08/2012;14:39:50;1344436790;14:45:46;39:17.9;2;3;3;2;3;3;3;3;2;1;2;2;2;2;3;2;3;1;3;3;3;0;0
MT208PN42066;08/08/2012;14:39:50;1344436790;15:07:10;00:41.6;3;3;3;3;3;4;4;1;3;1;3;2;1;2;2;3;2;1;3;3;3;2;0
MT208PN42066;08/08/2012;14:39:50;1344436790;15:24:04;17:21.2;4;2;2;3;3;3;2;3;2;1;3;2;1;3;3;4;3;2;3;3;3;0;1
MT208PN42066;08/08/2012;14:39:50;1344436790;15:41:07;34:10.1;5;2;2;3;4;3;3;3;3;1;3;3;2;2;3;2;2;1;2;3;3;1;0
MT208PN42069;08/08/2012;14:39:50;1344436790;15:30:40;16:11.5;1;3;3;4;2;4;2;1;1;1;1;3;1;1;2;1;1;1;1;5;3;2;0
MT208PN42069;08/08/2012;14:39:50;1344436790;15:51:52;37:22.7;2;3;2;3;4;4;3;1;1;2;1;1;1;2;1;2;1;2;1;4;3;2;0
MT208PN42069;08/08/2012;14:39:50;1344436790;16:10:58;56:28.9;3;4;4;5;4;4;3;2;1;1;1;2;1;1;3;2;1;1;4;3;3;4;0
MT208PN42069;08/08/2012;14:39:50;1344436790;16:31:49;17:19.9;4;3;2;3;3;5;3;1;1;1;3;1;1;1;1;1;1;1;3;2;4;1;0
MT208PN42069;08/08/2012;14:39:50;1344436790;16:48:51;34:10.4;5;4;3;5;5;5;5;1;1;1;1;1;1;1;1;1;1;1;4;1;4;4;0
MT208PN42070;08/08/2012;14:39:50;1344436790;16:55:07;15:40.8;1;5;4;4;5;4;2;1;1;1;1;1;1;3;3;2;2;1;4;4;5;4;0
MT208PN42070;08/08/2012;14:39:50;1344436790;17:18:54;39:28.0;2;5;4;4;5;4;2;1;1;1;1;1;1;1;2;1;2;1;5;3;5;4;0
MT208PN42070;08/08/2012;14:39:50;1344436790;17:38:05;58:38.5;3;4;3;3;4;3;2;1;1;1;2;1;1;2;2;1;1;1;4;3;4;1;0
MT208PN42070;08/08/2012;14:39:50;1344436790;17:54:13;14:29.4;4;4;3;3;4;4;2;1;1;1;2;1;2;3;3;1;1;1;3;3;4;2;0
MT208PN42070;08/08/2012;14:39:50;1344436790;18:12:22;32:38.5;5;5;5;4;5;5;3;1;1;1;2;1;1;1;1;1;1;1;5;2;5;4;0
MT208PN42084;08/08/2012;14:39:50;1344436790;13:06:16;15:32.5;1;3;4;4;4;4;2;1;2;1;1;2;2;2;2;2;3;2;3;3;4;4;0
MT208PN42084;08/08/2012;14:39:50;1344436790;13:27:46;37:02.8;2;3;3;3;3;4;2;1;1;1;1;1;1;2;3;2;2;3;2;3;4;1;0
MT208PN42084;08/08/2012;14:39:50;1344436790;13:52:10;01:25.9;3;3;3;3;4;3;2;1;1;1;1;1;1;1;3;2;2;1;2;4;4;1;0
MT208PN42084;08/08/2012;14:39:50;1344436790;14:03:15;12:31.1;4;2;2;4;5;2;2;1;1;1;1;1;1;1;4;2;2;2;3;3;4;2;1
MT208PN42084;08/08/2012;14:39:50;1344436790;14:20:06;29:22.6;5;2;2;4;4;1;2;1;1;2;4;1;1;1;4;3;3;2;3;3;3;2;1
MT208PN42085;08/08/2012;14:39:50;1344436790;18:18:22;18:01.9;1;4;3;4;4;3;1;1;1;1;2;3;1;1;3;1;2;1;1;5;3;2;0
MT208PN42085;08/08/2012;14:39:50;1344436790;18:40:01;39:41.2;2;3;4;4;3;4;2;1;1;1;3;1;1;1;3;2;1;1;2;3;2;3;0
MT208PN42085;08/08/2012;14:39:50;1344436790;19:00:19;59:58.8;3;3;2;4;3;3;2;1;1;1;3;1;1;1;4;2;2;1;2;3;2;1;1
MT208PN42085;08/08/2012;14:39:50;1344436790;19:22:29;22:09.0;4;3;2;4;3;3;2;3;1;1;3;1;1;1;3;1;2;1;1;3;2;1;0
MT208PN42085;08/08/2012;14:39:50;1344436790;19:39:40;39:03.7;5;3;2;3;3;3;2;1;1;1;1;1;1;1;3;1;2;1;1;3;2;0;0
MT208PN42086;08/08/2012;14:39:50;1344436790;15:46:43;16:15.5;1;1;1;2;1;1;1;1;1;1;1;2;1;1;5;3;1;1;1;3;1;0;1
MT208PN42086;08/08/2012;14:39:50;1344436790;16:09:36;39:08.3;2;1;1;1;1;1;1;1;1;1;1;1;1;1;5;3;1;1;1;2;1;0;1
MT208PN42086;08/08/2012;14:39:50;1344436790;16:31:24;00:56.3;3;1;1;1;1;1;1;1;1;1;1;1;1;1;5;3;1;1;1;1;1;0;1
MT208PN42086;08/08/2012;14:39:50;1344436790;16:48:32;18:03.7;4;1;1;1;1;1;1;1;1;1;1;1;1;1;5;5;1;1;1;1;1;0;2
MT208PN42086;08/08/2012;14:39:50;1344436790;17:04:56;34:28.2;5;1;1;1;1;1;1;1;1;1;1;1;1;1;5;1;1;1;1;1;1;0;1
MT208PN42089;08/08/2012;14:39:50;1344436790;15:44:37;14:05.4;1;3;1;3;3;3;3;3;3;3;4;3;3;3;3;3;4;1;3;5;2;0;1
MT208PN42089;08/08/2012;14:39:50;1344436790;16:05:40;35:08.7;2;3;1;3;3;3;3;3;3;3;4;2;3;3;5;3;3;3;3;5;3;0;1
MT208PN42089;08/08/2012;14:39:50;1344436790;16:26:06;55:33.9;3;3;2;3;2;2;2;2;2;2;2;2;2;2;4;2;3;2;2;4;1;0;1
MT208PN42089;08/08/2012;14:39:50;1344436790;16:46:19;15:47.1;4;1;1;1;1;1;1;5;1;1;5;1;1;1;5;1;1;1;1;1;1;0;1
MT208PN42089;08/08/2012;14:39:50;1344436790;17:02:53;32:21.7;5;3;2;3;3;3;3;1;3;3;3;3;3;3;4;3;3;3;3;3;3;0;1
MT208PN42091;08/08/2012;14:39:50;1344436790;10:18:01;16:02.1;1;4;3;4;3;3;1;1;2;1;1;4;1;1;1;1;1;1;1;4;4;1;1
MT208PN42091;08/08/2012;14:39:50;1344436790;10:39:28;37:29.0;2;3;3;4;3;4;2;1;1;1;1;3;1;1;1;1;2;1;2;3;4;2;0
MT208PN42091;08/08/2012;14:39:50;1344436790;11:01:56;59:57.3;3;3;3;3;3;4;3;1;1;1;1;1;1;1;1;1;1;1;2;3;4;1;0
MT208PN42091;08/08/2012;14:39:50;1344436790;11:15:49;13:50.3;4;3;3;3;3;3;3;1;1;1;1;2;1;1;1;1;1;1;3;3;4;0;0
MT208PN42091;08/08/2012;14:39:50;1344436790;11:32:03;30:04.2;5;3;3;3;3;3;3;1;1;1;1;1;1;1;1;1;1;1;3;3;5;0;0
MT208PN42092;08/08/2012;14:39:50;1344436790;11:27:22;16:18.8;1;3;3;3;3;4;2;1;1;1;1;1;1;1;1;1;1;1;1;5;4;1;0
MT208PN42092;08/08/2012;14:39:50;1344436790;11:48:43;37:40.0;2;3;3;3;3;3;1;1;1;1;1;1;1;1;1;1;3;1;1;3;4;0;0
MT208PN42092;08/08/2012;14:39:50;1344436790;12:12:57;01:53.7;3;3;3;3;3;3;1;1;1;1;1;1;1;1;2;1;1;1;1;3;4;0;0
MT208PN42092;08/08/2012;14:39:50;1344436790;12:25:38;14:25.6;4;3;3;3;3;3;1;1;1;1;1;1;1;1;1;1;1;1;1;3;4;0;0
MT208PN42092;08/08/2012;14:39:50;1344436790;12:42:17;31:04.2;5;3;3;3;3;3;1;1;1;1;1;1;1;1;1;1;1;1;1;3;4;0;0
MT208PN42098;08/08/2012;14:39:50;1344436790;16:02:11;18:33.3;1;3;4;4;1;4;1;1;2;1;1;3;1;1;3;4;3;2;2;5;3;3;1
MT208PN42098;08/08/2012;14:39:50;1344436790;16:24:49;41:12.1;2;3;4;4;2;4;1;1;1;1;1;1;1;1;3;4;2;1;3;5;4;3;1
MT208PN42098;08/08/2012;14:39:50;1344436790;16:42:25;58:47.8;3;4;3;4;3;4;5;1;1;2;1;1;1;1;3;4;2;1;1;2;4;3;1
MT208PN42098;08/08/2012;14:39:50;1344436790;17:03:21;19:43.7;4;4;4;4;4;4;4;1;1;1;1;1;1;1;1;4;1;1;3;3;5;5;1
MT208PN42098;08/08/2012;14:39:50;1344436790;17:19:05;35:27.5;5;4;4;4;4;4;3;1;1;1;1;1;1;1;2;4;1;1;3;4;5;4;1
MT208PN42101;08/08/2012;14:39:50;1344436790;10:41:17;18:54.2;1;3;3;3;3;3;3;3;3;3;3;4;3;3;3;3;2;3;3;4;3;0;1
MT208PN42101;08/08/2012;14:39:50;1344436790;11:02:14;39:51.0;2;3;3;3;3;3;3;3;3;3;3;4;3;3;3;3;2;3;3;4;2;0;1
MT208PN42101;08/08/2012;14:39:50;1344436790;11:24:09;01:46.1;3;3;3;3;3;2;1;1;1;1;1;4;1;1;3;3;2;1;1;4;3;0;1
MT208PN42101;08/08/2012;14:39:50;1344436790;11:39:51;17:27.9;4;3;2;3;1;1;1;1;1;1;1;4;1;1;4;1;1;1;1;3;3;0;2
MT208PN42101;08/08/2012;14:39:50;1344436790;11:57:01;34:28.0;5;3;1;1;1;1;1;1;1;1;1;4;1;1;4;1;1;1;1;3;2;0;2
MT208PN42105;08/08/2012;14:39:50;1344436790;09:06:53;23:26.8;1;4;5;4;3;4;3;1;1;1;2;1;2;2;2;4;2;1;4;4;5;3;1
MT208PN42105;08/08/2012;14:39:50;1344436790;09:29:38;46:12.7;2;4;5;4;4;4;3;1;1;1;1;2;2;1;1;5;1;1;3;4;5;4;1
MT208PN42105;08/08/2012;14:39:50;1344436790;09:49:02;05:36.2;3;4;4;4;3;3;4;2;1;1;2;2;1;2;1;3;1;1;2;3;4;3;0
MT208PN42105;08/08/2012;14:39:50;1344436790;10:09:48;26:22.6;4;4;5;4;4;4;5;1;1;1;2;2;1;2;3;3;2;1;3;4;4;5;0
MT208PN42105;08/08/2012;14:39:50;1344436790;10:26:49;43:23.0;5;4;4;4;4;4;1;1;1;1;1;3;2;1;2;4;2;1;1;4;4;4;1
MT208PN42106;08/08/2012;14:39:50;1344436790;15:08:45;20:31.7;1;1;1;3;1;4;1;1;2;1;1;2;1;1;2;2;2;1;3;5;2;1;0
MT208PN42106;08/08/2012;14:39:50;1344436790;15:32:25;44:12.3;2;1;1;3;2;2;1;1;1;1;1;2;1;1;3;2;1;1;1;4;3;0;0
MT208PN42106;08/08/2012;14:39:50;1344436790;15:52:40;04:27.1;3;1;1;1;2;2;1;1;1;1;1;2;1;1;2;1;1;1;2;4;3;0;0
MT208PN42106;08/08/2012;14:39:50;1344436790;16:11:11;22:58.3;4;1;1;1;1;2;1;1;1;1;3;3;1;1;2;1;1;1;1;3;3;0;0
MT208PN42106;08/08/2012;14:39:50;1344436790;16:27:43;39:30.5;5;1;1;1;1;1;1;1;2;1;3;3;1;1;2;1;1;1;4;3;3;0;0
MT208PN42107;08/08/2012;14:39:50;1344436790;13:12:03;14:57.0;1;3;3;3;3;4;2;3;2;2;4;3;2;2;2;2;3;2;2;4;3;1;0
MT208PN42107;08/08/2012;14:39:50;1344436790;13:37:06;40:00.0;2;2;2;2;2;3;2;3;3;2;4;4;2;2;4;2;3;2;2;4;3;0;2
MT208PN42107;08/08/2012;14:39:50;1344436790;13:53:44;56:20.7;3;2;2;2;2;3;2;4;2;2;4;3;2;2;4;3;2;2;3;2;4;0;1
MT208PN42107;08/08/2012;14:39:50;1344436790;14:09:09;11:45.5;4;2;2;2;2;3;2;4;4;2;4;4;2;2;4;3;2;2;5;2;3;0;2
MT208PN42107;08/08/2012;14:39:50;1344436790;14:25:43;28:19.6;5;1;1;2;2;2;2;3;3;2;4;4;3;2;4;4;4;2;4;1;3;0;4
MT208PN42108;08/08/2012;14:39:50;1344436790;17:06:03;16:11.6;1;4;5;4;3;5;3;1;1;1;1;1;2;2;1;1;1;1;1;2;4;3;0
MT208PN42108;08/08/2012;14:39:50;1344436790;17:31:07;41:15.4;2;5;4;4;3;4;3;1;1;1;1;1;1;1;1;1;1;1;1;1;4;3;0
MT208PN42108;08/08/2012;14:39:50;1344436790;17:49:36;59:45.2;3;4;4;4;3;4;1;1;1;1;1;1;1;1;1;1;1;1;1;1;4;3;0
MT208PN42108;08/08/2012;14:39:50;1344436790;18:05:03;15:11.9;4;4;3;3;2;1;1;1;1;1;1;1;2;1;1;1;1;1;1;3;3;0;0
MT208PN42108;08/08/2012;14:39:50;1344436790;18:21:30;31:38.5;5;4;3;3;2;3;1;1;1;1;1;1;2;1;1;1;1;1;1;1;3;0;0
MT208PN42112;08/08/2012;14:39:50;1344436790;13:57:46;17:00.5;1;3;4;4;3;4;3;2;2;2;3;4;2;2;4;3;4;2;3;4;3;3;3
MT208PN42112;08/08/2012;14:39:50;1344436790;14:21:13;40:27.6;2;5;5;5;4;4;3;2;2;2;2;2;2;2;4;3;2;2;2;2;2;4;1
MT208PN42112;08/08/2012;14:39:50;1344436790;14:39:58;59:13.2;3;3;3;4;3;4;2;3;2;2;3;3;2;2;4;2;4;2;2;4;2;2;2
MT208PN42112;08/08/2012;14:39:50;1344436790;14:55:32;14:47.0;4;4;4;4;4;4;2;2;2;2;2;2;2;2;2;3;2;2;2;3;2;4;0
MT208PN42112;08/08/2012;14:39:50;1344436790;15:12:02;31:16.8;5;4;4;4;4;3;2;2;2;2;2;2;2;2;2;2;2;2;2;3;3;3;0
MT208PN42115;08/08/2012;14:39:50;1344436790;17:19:20;21:06.0;1;3;4;4;3;3;1;1;1;1;1;1;1;1;2;1;1;1;1;4;3;2;0
MT208PN42115;08/08/2012;14:39:50;1344436790;17:41:20;43:06.1;2;4;3;4;4;3;1;1;1;1;1;1;1;1;3;1;3;1;3;3;4;2;0
MT208PN42115;08/08/2012;14:39:50;1344436790;18:08:21;10:07.4;3;4;2;4;3;3;1;1;1;1;1;1;1;1;3;1;1;1;1;4;4;1;0
MT208PN42115;08/08/2012;14:39:50;1344436790;18:24:19;25:47.1;4;3;2;4;3;2;1;1;1;1;1;1;1;1;2;1;1;1;1;4;3;1;0
MT208PN42115;08/08/2012;14:39:50;1344436790;18:42:06;43:34.0;5;3;2;4;3;2;1;1;1;1;1;1;1;1;3;1;1;1;1;3;2;1;0
MT208PN42123;08/08/2012;14:39:50;1344436790;16:48:27;17:34.4;1;3;3;4;2;4;1;1;1;1;1;1;1;1;3;1;1;1;1;5;4;2;0
MT208PN42123;08/08/2012;14:39:50;1344436790;17:10:04;39:11.4;2;2;2;3;3;4;1;3;1;1;2;1;1;1;2;1;1;1;1;4;4;1;0
MT208PN42123;08/08/2012;14:39:50;1344436790;17:28:58;58:05.3;3;3;3;3;1;2;2;1;1;1;3;1;1;1;4;1;1;1;1;5;4;0;1
MT208PN42123;08/08/2012;14:39:50;1344436790;17:44:47;13:41.1;4;3;3;3;1;2;3;1;1;1;3;1;1;1;4;1;1;1;1;5;3;0;1
MT208PN42123;08/08/2012;14:39:50;1344436790;18:01:25;30:14.0;5;4;4;3;1;3;2;1;1;1;2;1;1;1;3;1;1;1;1;5;3;1;0
MT208PN42124;08/08/2012;14:39:50;1344436790;13:21:56;15:11.4;1;5;5;5;5;5;4;1;1;1;1;1;1;1;1;1;1;1;1;1;5;5;0
MT208PN42124;08/08/2012;14:39:50;1344436790;13:44:43;37:58.7;2;5;5;5;5;5;4;1;1;1;1;1;1;1;1;1;1;1;2;3;5;5;0
MT208PN42124;08/08/2012;14:39:50;1344436790;14:05:35;58:50.4;3;5;5;5;5;5;3;1;1;1;1;1;1;1;1;3;1;1;1;3;5;4;0
MT208PN42124;08/08/2012;14:39:50;1344436790;14:19:56;13:11.6;4;5;5;5;5;5;3;1;1;1;1;1;1;1;1;3;1;1;1;3;5;4;0
MT208PN42124;08/08/2012;14:39:50;1344436790;14:36:35;29:51.1;5;5;5;5;5;5;3;1;1;1;1;1;1;1;1;1;1;1;1;3;5;4;0
MT208PN42126;08/08/2012;14:39:50;1344436790;10:17:26;18:37.2;1;4;4;5;4;5;2;1;1;1;2;3;1;1;2;1;1;1;1;2;5;4;0
MT208PN42126;08/08/2012;14:39:50;1344436790;10:38:49;40:00.0;2;4;4;5;4;5;3;1;1;1;1;1;1;1;2;1;2;1;5;2;5;4;0
MT208PN42126;08/08/2012;14:39:50;1344436790;10:57:00;58:11.7;3;4;4;5;4;5;2;1;1;1;2;2;1;1;2;1;1;1;1;3;5;4;0
MT208PN42126;08/08/2012;14:39:50;1344436790;11:12:37;13:48.1;4;3;3;4;4;3;1;1;1;1;3;1;1;1;4;1;1;1;1;2;4;2;1
MT208PN42126;08/08/2012;14:39:50;1344436790;11:29:34;30:45.0;5;3;2;5;4;4;1;1;1;1;3;2;1;1;4;1;1;1;1;2;4;3;1
MT208PN42129;08/08/2012;14:39:50;1344436790;18:21:03;14:35.1;1;3;3;3;3;4;1;1;1;1;1;3;1;1;3;1;2;2;1;5;4;1;0
MT208PN42129;08/08/2012;14:39:50;1344436790;18:45:11;38:43.2;2;4;3;3;3;5;2;1;1;1;1;3;1;1;1;1;1;1;2;5;4;1;0
MT208PN42129;08/08/2012;14:39:50;1344436790;19:09:32;03:04.7;3;3;4;3;3;4;2;1;2;1;1;3;1;1;3;1;1;1;1;5;4;2;0
MT208PN42129;08/08/2012;14:39:50;1344436790;19:20:16;13:48.1;4;3;3;3;3;4;1;1;1;1;1;2;1;1;2;1;1;1;2;4;4;1;0
MT208PN42129;08/08/2012;14:39:50;1344436790;19:37:30;31:02.5;5;3;3;3;3;3;1;1;1;1;1;3;1;1;2;1;1;1;1;4;4;0;0
MT208PN42135;08/08/2012;14:39:50;1344436790;13:57:14;16:37.5;1;5;5;5;5;4;2;1;1;1;1;4;1;1;3;1;3;1;2;3;4;4;1
MT208PN42135;08/08/2012;14:39:50;1344436790;14:18:59;38:22.8;2;3;3;3;3;3;2;3;3;2;3;3;3;3;4;2;4;2;4;3;3;0;2
MT208PN42135;08/08/2012;14:39:50;1344436790;14:45:59;05:22.3;3;3;3;3;3;4;2;2;1;3;2;4;1;1;4;3;4;2;3;4;2;1;3
MT208PN42135;08/08/2012;14:39:50;1344436790;15:01:48;21:11.9;4;2;3;3;3;3;2;2;2;2;2;3;2;2;4;2;3;2;3;2;2;0;1
MT208PN42135;08/08/2012;14:39:50;1344436790;15:18:48;38:11.8;5;2;2;3;2;3;2;3;2;2;4;3;2;2;4;2;3;2;4;2;2;0;1
MT208PN42140;08/08/2012;14:39:50;1344436790;11:21:59;16:31.5;1;3;4;4;3;4;3;1;2;1;3;3;3;2;2;2;4;2;4;3;4;3;1
MT208PN42140;08/08/2012;14:39:50;1344436790;11:43:54;38:26.1;2;3;4;4;2;4;4;1;1;1;3;4;3;3;2;1;4;1;3;3;4;4;2
MT208PN42140;08/08/2012;14:39:50;1344436790;12:03:17;57:49.4;3;3;4;4;3;4;3;1;1;1;3;3;3;3;2;1;3;2;3;4;4;3;0
MT208PN42140;08/08/2012;14:39:50;1344436790;12:20:00;14:31.9;4;3;3;2;2;3;2;1;1;1;4;4;4;4;2;1;4;3;3;3;4;0;4
MT208PN42140;08/08/2012;14:39:50;1344436790;12:35:41;30:12.8;5;2;3;2;2;3;2;1;1;1;4;4;4;3;1;1;4;3;3;3;4;0;3
MT208PN42146;08/08/2012;14:39:50;1344436790;15:22:11;15:29.4;1;3;1;2;2;1;1;1;1;1;2;1;1;1;5;1;1;1;1;3;3;0;1
MT208PN42146;08/08/2012;14:39:50;1344436790;15:43:24;36:42.5;2;1;1;3;1;1;1;1;1;1;3;1;1;1;5;3;1;1;1;3;3;0;1
MT208PN42146;08/08/2012;14:39:50;1344436790;16:03:09;56:27.2;3;1;1;1;1;1;1;1;1;1;1;1;1;1;5;1;1;1;5;3;1;0;1
MT208PN42146;08/08/2012;14:39:50;1344436790;16:19:10;12:28.2;4;1;1;3;1;1;1;1;1;3;5;1;1;1;3;1;1;1;1;3;1;0;0
MT208PN42146;08/08/2012;14:39:50;1344436790;16:36:22;29:40.2;5;1;1;1;1;1;1;5;1;5;5;1;3;1;1;1;1;5;5;3;1;0;1
MT208PN42147;08/08/2012;14:39:50;1344436790;12:52:43;16:07.5;1;4;4;5;3;4;1;1;1;1;1;3;3;1;2;2;1;1;1;3;3;3;0
MT208PN42147;08/08/2012;14:39:50;1344436790;13:13:48;37:13.1;2;4;4;3;3;3;3;2;1;1;2;2;3;1;2;2;2;1;1;3;4;1;0
MT208PN42147;08/08/2012;14:39:50;1344436790;13:35:11;58:35.5;3;3;3;4;2;1;3;1;1;1;1;2;3;1;3;1;1;1;1;3;3;1;0
MT208PN42147;08/08/2012;14:39:50;1344436790;13:53:44;17:09.1;4;3;3;3;2;1;2;1;1;1;1;4;2;3;1;2;2;1;1;1;4;0;1
MT208PN42147;08/08/2012;14:39:50;1344436790;14:10:48;34:13.3;5;3;3;4;3;1;3;1;1;1;1;3;2;2;2;2;1;1;1;3;1;1;0
MT208PN42148;08/08/2012;14:39:50;1344436790;14:24:21;13:43.1;1;4;5;5;5;5;1;2;1;1;1;3;1;1;1;3;2;1;4;1;5;4;0
MT208PN42148;08/08/2012;14:39:50;1344436790;14:45:54;35:16.3;2;4;5;5;5;4;5;1;1;1;1;3;1;1;1;1;1;1;4;1;4;5;0
MT208PN42148;08/08/2012;14:39:50;1344436790;15:03:43;52:56.1;3;3;4;4;3;1;3;1;1;1;1;1;1;1;2;1;1;1;3;1;4;2;0
MT208PN42148;08/08/2012;14:39:50;1344436790;15:20:05;09:06.3;4;4;4;5;4;4;4;1;1;1;1;2;1;1;1;1;1;1;4;1;4;5;0
MT208PN42148;08/08/2012;14:39:50;1344436790;15:36:37;25:28.8;5;4;5;4;4;4;4;1;1;1;1;2;1;1;1;1;1;1;4;1;5;5;0
MT208PN42149;08/08/2012;14:39:50;1344436790;10:23:05;21:48.7;1;4;4;4;4;3;1;1;1;1;1;1;2;1;1;1;3;1;1;5;3;3;0
MT208PN42149;08/08/2012;14:39:50;1344436790;10:48:24;47:07.2;2;3;2;3;3;2;1;1;1;1;3;1;1;1;2;2;3;1;1;2;3;0;0
MT208PN42149;08/08/2012;14:39:50;1344436790;11:08:20;07:03.2;3;3;2;3;3;3;1;1;1;1;3;1;1;1;2;2;1;1;1;3;3;0;0
MT208PN42149;08/08/2012;14:39:50;1344436790;11:24:14;22:57.3;4;4;3;5;3;3;1;1;1;1;1;1;1;1;1;1;1;1;1;5;3;1;0
MT208PN42149;08/08/2012;14:39:50;1344436790;11:41:01;39:44.1;5;4;4;4;4;3;1;1;1;1;1;1;1;1;1;1;1;1;1;3;3;3;0
MT208PN42164;08/08/2012;14:39:50;1344436790;13:23:30;14:56.5;1;3;4;4;3;4;3;1;1;1;2;2;1;1;3;3;2;1;3;5;4;3;0
MT208PN42164;08/08/2012;14:39:50;1344436790;13:46:55;38:21.5;2;3;4;4;3;4;3;2;1;1;2;1;3;2;3;4;3;1;4;4;4;3;1
MT208PN42164;08/08/2012;14:39:50;1344436790;14:10:11;01:37.9;3;2;2;4;3;4;3;1;1;1;3;2;1;2;3;4;3;1;4;4;4;2;1
MT208PN42164;08/08/2012;14:39:50;1344436790;14:24:30;15:57.1;4;3;4;4;3;4;4;1;1;1;1;1;1;1;3;4;2;1;3;4;4;4;1
MT208PN42164;08/08/2012;14:39:50;1344436790;14:41:56;33:23.3;5;3;3;3;4;3;3;2;1;1;2;1;1;1;2;4;3;1;3;4;4;1;1
MT208PN42165;08/08/2012;14:39:50;1344436790;13:24:42;15:47.6;1;4;4;4;4;4;3;1;1;1;1;2;1;1;2;1;1;1;1;5;4;4;0
MT208PN42165;08/08/2012;14:39:50;1344436790;13:48:12;39:17.8;2;4;4;4;4;4;3;2;1;1;1;2;1;1;2;1;1;1;1;1;4;4;0
MT208PN42165;08/08/2012;14:39:50;1344436790;14:04:48;55:53.3;3;3;3;4;4;4;3;2;1;1;1;1;1;1;2;2;1;1;1;5;4;3;0
MT208PN42165;08/08/2012;14:39:50;1344436790;14:21:45;12:50.9;4;4;3;5;4;3;3;1;1;1;1;1;1;1;2;1;1;1;1;5;3;2;0
MT208PN42165;08/08/2012;14:39:50;1344436790;14:38:19;29:25.3;5;3;3;4;4;3;3;1;1;1;1;1;1;1;2;1;1;1;1;5;4;2;0
MT208PN42171;08/08/2012;14:39:50;1344436790;12:23:21;18:50.0;1;3;3;3;3;5;3;3;1;1;3;1;1;1;1;3;1;1;3;3;4;1;0
MT208PN42171;08/08/2012;14:39:50;1344436790;12:44:23;39:52.5;2;3;3;3;3;5;3;1;1;1;1;1;1;1;1;3;1;1;3;3;4;1;0
MT208PN42171;08/08/2012;14:39:50;1344436790;13:04:00;59:29.1;3;3;3;3;1;4;3;1;1;1;1;1;1;1;3;3;1;1;1;3;3;1;0
MT208PN42171;08/08/2012;14:39:50;1344436790;13:19:49;15:13.8;4;3;2;3;3;4;3;1;1;1;1;1;1;1;2;3;3;1;1;3;4;1;0
MT208PN42171;08/08/2012;14:39:50;1344436790;13:36:42;32:06.2;5;2;3;3;1;3;1;1;1;1;1;1;1;1;3;3;1;1;1;3;3;0;0
MT208PN42172;08/08/2012;14:39:50;1344436790;10:06:58;16:27.6;1;3;3;4;3;3;3;2;2;2;1;2;1;2;3;2;2;1;1;5;3;1;0
MT208PN42172;08/08/2012;14:39:50;1344436790;10:28:27;37:50.9;2;3;3;3;3;3;3;2;2;1;3;3;2;2;4;3;2;2;3;5;3;0;1
MT208PN42172;08/08/2012;14:39:50;1344436790;10:49:30;58:54.1;3;3;3;3;3;3;2;2;2;1;3;3;1;1;4;2;2;2;2;5;3;0;1
MT208PN42172;08/08/2012;14:39:50;1344436790;11:05:10;14:19.8;4;3;2;3;3;3;3;2;2;1;3;3;1;1;4;1;3;1;2;4;3;0;1
MT208PN42172;08/08/2012;14:39:50;1344436790;11:24:01;33:11.3;5;3;3;3;3;3;3;1;1;1;2;2;1;1;3;1;2;1;2;3;3;0;0
MT208PN44077;08/08/2012;14:39:50;1344436790;11:02:10;17:05.5;1;2;2;2;2;2;2;2;2;2;2;2;2;2;2;2;2;2;2;2;2;0;0
MT208PN44077;08/08/2012;14:39:50;1344436790;11:23:18;38:13.1;2;2;2;1;1;1;1;1;1;1;4;1;1;1;4;1;1;1;1;3;2;0;1
MT208PN44077;08/08/2012;14:39:50;1344436790;11:47:49;02:44.3;3;1;1;1;1;1;1;2;1;1;1;1;1;1;4;4;1;1;1;2;1;0;2
MT208PN44077;08/08/2012;14:39:50;1344436790;12:00:34;15:28.7;4;1;1;1;1;1;1;3;1;1;3;1;1;1;2;4;1;1;3;2;1;0;1
MT208PN44077;08/08/2012;14:39:50;1344436790;12:16:18;31:12.7;5;1;1;1;1;1;1;1;1;1;1;1;5;1;5;1;1;1;1;4;1;0;2
