RawPID;date;StartTime;eventType;logTime;surveyTime;logSecs;surveySecs;logEventNum;surveyEventNum;experGroup;eventDurMillis;eventDurTime;Q18-emotionLabel1;Q19-emotionLabel2;Q1-enjoying myself;Q2-hopeful;Q3-proud;Q4-frustrated;Q5-anxious;Q6-ashamed;Q7-hopeless;Q8-bored;Q9-surprised;Q10-contempt;Q11-confused;Q12-curious;Q13-sad;Q14-eureka;Q15-neutral;Q16-task is valuable;Q17-can do well on this task;Full-date-time
MT430PN56102;06/03/2014;10:18:03;EIVStart;10:25:43;10:25:43;37543;37543;1;1;hyper3;145570;00:02:25;Neutral;Neutral;4;4;4;1;1;1;1;2;1;5;1;5;1;1;5;5;5;03/06/2014 10:25
MT430PN56102;06/03/2014;10:18:03;EIVDuring;10:33:33;10:33:34;38013;38014;2;2;hyper3;58059;00:00:58;Neutral;Neutral;3;4;4;1;1;1;1;2;1;5;1;5;1;1;5;5;5;03/06/2014 10:33
MT430PN56102;06/03/2014;10:18:03;EIVDuring;11:32:14;11:32:14;41534;41534;3;3;hyper3;71190;00:01:11;Boredom;Neutral;3;3;3;2;1;1;1;3;1;4;1;5;1;1;5;5;5;03/06/2014 11:32
MT430PN56102;06/03/2014;10:18:03;EIVDuring;11:50:07;11:50:07;42607;42607;4;4;hyper3;47245;00:00:47;Curiosity;Neutral;3;4;4;2;1;1;1;2;1;5;1;5;1;1;5;5;5;03/06/2014 11:50
MT430PN56102;06/03/2014;10:18:03;EIVDuring;12:06:50;12:06:48;43610;43608;5;5;hyper3;49520;00:00:49;Boredom;Neutral;3;4;4;2;1;1;1;3;1;5;1;5;1;1;5;5;5;03/06/2014 12:06
MT430PN56102;06/03/2014;10:18:03;EIVEnd;12:39:07;12:39:07;45547;45547;6;6;hyper3;51949;00:00:51;Neutral;Neutral;4;4;4;1;1;1;1;2;1;5;1;5;1;1;5;5;5;03/06/2014 12:39
MT430PN56104;28/03/2014;13:26:04;EIVStart;13:31:33;13:31:33;48693;48693;1;1;control2;83083;00:01:23;Contempt;Neutral;1;2;1;1;2;1;1;2;1;3;1;4;1;1;5;1;3;3/28/2014 13:31:00
MT430PN56104;28/03/2014;13:26:04;EIVDuring;13:37:54;13:37:55;49074;49075;2;2;control2;66869;00:01:06;Neutral;Neutral;1;1;1;3;2;2;1;3;1;2;1;3;1;1;3;1;3;3/28/2014 13:37:00
MT430PN56104;28/03/2014;13:26:04;EIVDuring;14:01:06;14:01:07;50466;50467;3;3;control2;54395;00:00:54;Boredom;Anger;1;1;1;4;4;1;1;5;1;1;2;1;1;1;2;1;1;3/28/2014 14:01:00
MT430PN56104;28/03/2014;13:26:04;EIVDuring;14:16:22;14:16:22;51382;51382;4;4;control2;40521;00:00:40;Frustration;Anger;1;1;1;5;5;1;3;5;1;1;3;1;1;1;1;1;1;3/28/2014 14:16:00
MT430PN56104;28/03/2014;13:26:04;EIVDuring;14:32:26;14:32:26;52346;52346;5;5;control2;39668;00:00:39;Boredom;Surprise;1;1;1;4;3;1;2;5;4;1;3;1;1;1;1;1;1;3/28/2014 14:32:00
MT430PN56104;28/03/2014;13:26:04;EIVDuring;14:48:09;14:48:09;53289;53289;6;6;control2;42582;00:00:42;Surprise;Surprise;1;1;1;5;5;1;1;5;5;1;1;1;1;1;2;1;1;3/28/2014 14:48:00
MT430PN56104;28/03/2014;13:26:04;EIVDuring;15:03:38;15:03:39;54218;54219;7;7;control2;54389;00:00:54;Boredom;Neutral;1;1;1;4;4;1;1;5;1;1;3;2;1;1;1;1;1;3/28/2014 15:03:00
MT430PN56104;28/03/2014;13:26:04;EIVEnd;15:22:30;15:22:31;55350;55351;8;8;control2;36307;00:00:36;Boredom;Anger;1;1;1;3;1;2;2;5;1;1;1;1;1;1;1;1;1;3/28/2014 15:22:00
MT430PN56106;04/04/2014;13:41:07;EIVStart;13:45:36;13:45:39;49536;49539;1;1;control2;58481;00:00:58;Boredom;Neutral;3;4;2;2;1;1;1;4;2;1;1;3;1;1;5;3;4;04/04/2014 13:45
MT430PN56106;04/04/2014;13:41:07;EIVDuring;13:53:25;13:53:22;50005;50002;2;2;control2;61638;00:01:01;Boredom;Neutral;2;3;1;2;1;1;1;4;1;2;1;2;1;1;4;3;4;04/04/2014 13:53
MT430PN56106;04/04/2014;13:41:07;EIVDuring;14:14:25;14:14:28;51265;51268;3;3;control2;48527;00:00:48;Boredom;Neutral;2;3;1;1;1;3;1;4;1;3;1;1;3;1;5;3;4;04/04/2014 14:14
MT430PN56106;04/04/2014;13:41:07;EIVDuring;14:29:59;14:30:01;52199;52201;4;4;control2;38890;00:00:38;Boredom;Neutral;2;3;1;2;1;1;1;5;1;1;1;1;3;1;2;2;3;04/04/2014 14:30
MT430PN56106;04/04/2014;13:41:07;EIVDuring;14:46:12;14:46:15;53172;53175;5;5;control2;49466;00:00:49;Boredom;Neutral;2;3;1;1;1;1;1;5;1;1;1;1;3;1;3;2;3;04/04/2014 14:46
MT430PN56106;04/04/2014;13:41:07;EIVDuring;15:17:20;15:17:23;55040;55043;6;6;control2;60179;00:01:00;Boredom;Sadness;2;1;1;4;1;1;1;5;1;1;1;1;4;1;2;1;2;04/04/2014 15:17
MT430PN56106;04/04/2014;13:41:07;EIVEnd;15:35:49;15:35:52;56149;56152;7;7;control2;42094;00:00:42;Boredom;Neutral;4;3;1;1;1;1;1;5;1;1;1;1;1;2;3;3;3;04/04/2014 15:35
MT430PN56109;23/04/2014;10:08:20;EIVStart;10:13:01;10:13:02;36781;36782;1;1;hyper3;91579;00:01:31;Neutral;Neutral;2;2;1;1;1;1;1;3;1;1;1;3;1;1;5;3;4;4/23/2014 10:13:00
MT430PN56109;23/04/2014;10:08:20;EIVDuring;10:19:57;10:19:58;37197;37198;2;2;hyper3;40983;00:00:40;Neutral;Neutral;3;3;1;1;1;1;1;2;3;1;1;4;1;1;5;4;4;4/23/2014 10:19:00
MT430PN56109;23/04/2014;10:08:20;EIVDuring;10:44:41;10:44:43;38681;38683;3;3;hyper3;54264;00:00:54;Neutral;Neutral;3;3;2;2;1;1;1;2;1;1;1;4;1;1;5;3;4;4/23/2014 10:44:00
MT430PN56109;23/04/2014;10:08:20;EIVDuring;11:00:59;11:01:00;39659;39660;4;4;hyper3;35460;00:00:35;Neutral;Neutral;4;3;1;1;1;1;1;3;1;1;1;3;1;1;5;4;4;4/23/2014 11:01:00
MT430PN56109;23/04/2014;10:08:20;EIVDuring;11:16:56;11:16:58;40616;40618;5;5;hyper3;33517;00:00:33;Neutral;Neutral;2;1;1;1;1;1;1;3;1;1;1;1;1;1;4;4;4;4/23/2014 11:16:00
MT430PN56109;23/04/2014;10:08:20;EIVDuring;11:32:48;11:32:49;41568;41569;6;6;hyper3;25663;00:00:25;Neutral;Neutral;3;1;1;1;1;1;1;4;1;1;1;3;1;1;4;3;3;4/23/2014 11:32:00
MT430PN56109;23/04/2014;10:08:20;EIVDuring;11:48:24;11:48:26;42504;42506;7;7;hyper3;26516;00:00:26;Neutral;Neutral;2;1;1;1;1;1;1;4;1;1;1;1;1;1;4;4;4;4/23/2014 11:48:00
MT430PN56109;23/04/2014;10:08:20;EIVEnd;12:25:23;12:25:25;44723;44725;8;8;hyper3;30306;00:00:30;Neutral;Neutral;3;1;1;1;1;1;1;4;1;1;1;3;1;1;5;4;4;4/23/2014 12:25:00
MT430PN56111;25/04/2014;13:04:28;EIVStart;13:11:21;13:11:23;47481;47483;1;1;hyper3;87608;00:01:27;Curiosity;Happiness;4;4;3;1;4;1;1;1;2;1;2;5;1;2;2;4;4;4/25/2014 13:11:00
MT430PN56111;25/04/2014;13:04:28;EIVDuring;13:19:53;13:19:56;47993;47996;2;2;hyper3;39747;00:00:39;Curiosity;Happiness;4;4;3;2;4;1;1;1;1;1;2;5;1;1;1;4;4;4/25/2014 13:19:00
MT430PN56111;25/04/2014;13:04:28;EIVDuring;13:42:30;13:42:32;49350;49352;3;3;hyper3;37969;00:00:37;Curiosity;Happiness;4;4;3;1;4;1;1;1;3;1;1;5;1;1;1;4;4;4/25/2014 13:42:00
MT430PN56111;25/04/2014;13:04:28;EIVDuring;13:58:12;13:58:14;50292;50294;4;4;hyper3;42125;00:00:42;Curiosity;Happiness;4;4;1;1;3;3;1;1;1;1;1;5;1;1;1;4;4;4/25/2014 13:58:00
MT430PN56111;25/04/2014;13:04:28;EIVDuring;14:29:15;14:29:18;52155;52158;5;5;hyper3;43892;00:00:43;Curiosity;Happiness;4;4;1;2;4;1;1;1;1;3;1;5;1;1;1;4;3;4/25/2014 14:29:00
MT430PN56111;25/04/2014;13:04:28;EIVEnd;15:11:10;15:11:12;54670;54672;6;6;hyper3;42324;00:00:42;Anxiety;Happiness;3;4;1;3;5;2;1;1;3;1;3;5;1;1;1;4;3;4/25/2014 15:11:00
MT430PN56113;28/04/2014;14:05:01;EIVStart;14:12:51;14:12:54;51171;51174;1;1;hyper3;185501;00:03:05;Neutral;Neutral;3;5;4;1;3;1;1;3;1;1;1;2;1;1;4;5;4;4/28/2014 14:12:00
MT430PN56113;28/04/2014;14:05:01;EIVDuring;14:21:59;14:22:02;51719;51722;2;2;hyper3;92262;00:01:32;Hope;Neutral;3;4;4;1;2;1;1;3;1;1;1;4;1;1;3;5;4;4/28/2014 14:22:00
MT430PN56113;28/04/2014;14:05:01;EIVDuring;14:46:06;14:46:09;53166;53169;3;3;hyper3;90296;00:01:30;Confusion;Neutral;3;4;3;2;2;1;1;2;1;1;5;4;1;1;2;5;4;4/28/2014 14:46:00
MT430PN56113;28/04/2014;14:05:01;EIVDuring;15:17:18;15:17:21;55038;55041;4;4;hyper3;71938;00:01:11;Curiosity;Neutral;3;4;4;1;1;1;1;3;1;1;1;4;1;1;2;5;4;4/28/2014 15:17:00
MT430PN56113;28/04/2014;14:05:01;EIVDuring;15:35:02;15:35:05;56102;56105;5;5;hyper3;78635;00:01:18;Curiosity;Neutral;3;4;4;1;1;1;1;3;1;1;1;4;1;1;3;5;4;4/28/2014 15:35:00
MT430PN56113;28/04/2014;14:05:01;EIVDuring;15:51:58;15:52:01;57118;57121;6;6;hyper3;50992;00:00:50;Curiosity;Neutral;2;4;4;1;1;1;1;3;1;1;1;3;1;1;3;5;4;4/28/2014 15:52:00
MT430PN56113;28/04/2014;14:05:01;EIVEnd;16:36:36;16:36:39;59796;59799;7;7;hyper3;39695;00:00:39;Hope;Neutral;3;4;4;1;2;1;1;2;1;1;1;3;1;1;2;5;4;4/28/2014 16:36:00
MT430PN56116;29/04/2014;14:35:53;EIVStart;14:42:04;14:42:07;52924;52927;1;1;control2;136375;00:02:16;Neutral;Neutral;2;4;2;1;3;1;1;4;2;1;1;5;1;1;5;3;4;4/29/2014 14:42:00
MT430PN56116;29/04/2014;14:35:53;EIVDuring;14:49:46;14:49:50;53386;53390;2;2;control2;49527;00:00:49;Curiosity;Neutral;3;4;2;2;3;1;1;3;1;1;2;5;1;1;5;3;3;4/29/2014 14:49:00
MT430PN56116;29/04/2014;14:35:53;EIVDuring;15:11:04;15:11:08;54664;54668;3;3;control2;47515;00:00:47;Neutral;Neutral;4;4;1;3;1;1;1;2;1;1;2;3;1;1;3;3;3;4/29/2014 15:11:00
MT430PN56116;29/04/2014;14:35:53;EIVDuring;15:26:59;15:27:03;55619;55623;4;4;control2;55657;00:00:55;Boredom;Neutral;3;4;1;1;1;1;1;4;1;1;2;2;1;1;5;4;4;4/29/2014 15:27:00
MT430PN56116;29/04/2014;14:35:53;EIVDuring;15:42:35;15:42:38;56555;56558;5;5;control2;34586;00:00:34;Frustration;Neutral;3;3;1;3;1;1;1;3;1;1;1;3;1;1;5;3;3;4/29/2014 15:42:00
MT430PN56116;29/04/2014;14:35:53;EIVDuring;16:14:35;16:14:38;58475;58478;6;6;control2;119980;00:01:59;Boredom;Neutral;2;3;1;3;2;2;2;5;2;3;1;1;1;1;2;2;4;4/29/2014 16:14:00
MT430PN56116;29/04/2014;14:35:53;EIVEnd;16:33:30;16:33:34;59610;59614;7;7;control2;35510;00:00:35;Neutral;Neutral;2;3;1;2;2;1;1;4;1;1;1;2;1;1;4;3;3;4/29/2014 16:33:00
MT430PN56121;30/05/2014;12:00:16;EIVStart;12:04:29;12:04:30;43469;43470;1;1;control2;65312;00:01:05;Enjoyment;Neutral;4;4;3;1;1;1;1;1;1;1;1;3;1;2;3;3;5;5/30/2014 12:04:00
MT430PN56121;30/05/2014;12:00:16;EIVDuring;12:10:10;12:10:09;43810;43809;2;2;control2;34479;00:00:34;Enjoyment;Neutral;4;3;4;1;1;1;1;1;1;1;1;1;1;1;3;4;5;5/30/2014 12:10:00
MT430PN56121;30/05/2014;12:00:16;EIVDuring;12:30:38;12:30:39;45038;45039;3;3;control2;41126;00:00:41;Enjoyment;Neutral;5;3;3;1;1;1;1;1;1;1;1;1;1;3;3;4;5;5/30/2014 12:30:00
MT430PN56121;30/05/2014;12:00:16;EIVDuring;12:46:05;12:46:06;45965;45966;4;4;control2;29627;00:00:29;Enjoyment;Neutral;5;3;3;1;1;1;1;1;1;1;1;1;1;3;3;4;5;5/30/2014 12:46:00
MT430PN56121;30/05/2014;12:00:16;EIVDuring;13:17:25;13:17:25;47845;47845;5;5;control2;36891;00:00:36;Enjoyment;Neutral;5;3;3;1;1;1;1;1;1;1;1;1;1;3;3;4;5;5/30/2014 13:17:00
MT430PN56121;30/05/2014;12:00:16;EIVEnd;13:49:22;13:49:23;49762;49763;6;6;control2;37663;00:00:37;Boredom;Neutral;4;3;3;1;1;1;1;5;1;1;1;1;1;1;3;3;5;5/30/2014 13:49:00
MT430PN56122;06/06/2014;11:57:28;EIVStart;12:02:45;12:02:48;43365;43368;1;1;control2;96348;00:01:36;Neutral;Neutral;5;4;3;1;1;1;1;2;1;1;1;3;1;1;5;3;5;06/06/2014 12:02
MT430PN56122;06/06/2014;11:57:28;EIVDuring;12:10:52;12:10:55;43852;43855;2;2;control2;44433;00:00:44;Neutral;Neutral;3;4;3;1;1;1;1;1;1;1;1;3;1;1;5;5;5;06/06/2014 12:10
MT430PN56122;06/06/2014;11:57:28;EIVDuring;12:34:05;12:34:08;45245;45248;3;3;control2;162806;00:02:42;Neutral;Neutral;3;1;1;3;1;1;1;2;2;1;1;1;1;1;5;4;4;06/06/2014 12:34
MT430PN56122;06/06/2014;11:57:28;EIVDuring;12:50:10;12:50:13;46210;46213;4;4;control2;65556;00:01:05;Neutral;Neutral;3;3;3;3;1;1;1;3;1;1;1;1;1;2;5;4;4;06/06/2014 12:50
MT430PN56122;06/06/2014;11:57:28;EIVDuring;13:06:20;13:06:23;47180;47183;5;5;control2;56924;00:00:56;Boredom;Neutral;3;2;1;2;1;2;1;3;1;1;1;1;1;1;5;5;3;06/06/2014 13:06
MT430PN56122;06/06/2014;11:57:28;EIVDuring;13:38:56;13:38:59;49136;49139;6;6;control2;58055;00:00:58;Boredom;Neutral;1;2;3;4;1;1;1;5;1;1;5;1;1;1;5;4;4;06/06/2014 13:38
MT430PN56122;06/06/2014;11:57:28;EIVEnd;14:15:52;14:15:55;51352;51355;7;7;control2;63448;00:01:03;Enjoyment;Happiness;5;5;5;1;1;1;1;1;5;1;1;3;1;1;3;5;4;06/06/2014 14:15
MT430PN56123;12/06/2014;10:07:25;EIVStart;10:13:46;10:13:45;36826;36825;1;1;control2;99689;00:01:39;Contempt;Neutral;4;5;5;1;2;1;1;2;1;5;1;3;1;1;5;4;4;06/12/2014 10:13
MT430PN56123;12/06/2014;10:07:25;EIVDuring;10:22:00;10:21:59;37320;37319;2;2;control2;57304;00:00:57;Contempt;Neutral;4;5;4;1;2;1;1;2;2;4;1;4;1;1;4;4;4;06/12/2014 10:21
MT430PN56123;12/06/2014;10:07:25;EIVDuring;10:43:26;10:43:26;38606;38606;3;3;control2;76669;00:01:16;Neutral;Neutral;4;4;4;1;3;1;2;2;1;3;1;3;1;1;3;3;4;06/12/2014 10:43
MT430PN56123;12/06/2014;10:07:25;EIVDuring;11:01:25;11:01:25;39685;39685;4;4;control2;53626;00:00:53;Boredom;Neutral;3;4;4;1;2;1;1;3;1;3;1;3;1;1;3;4;4;06/12/2014 11:01
MT430PN56123;12/06/2014;10:07:25;EIVDuring;11:17:27;11:17:27;40647;40647;5;5;control2;61604;00:01:01;Anxiety;Neutral;3;4;4;2;3;1;1;1;1;3;1;3;1;1;3;4;4;06/12/2014 11:17
MT430PN56123;12/06/2014;10:07:25;EIVDuring;11:33:18;11:33:18;41598;41598;6;6;control2;50565;00:00:50;Neutral;Neutral;3;4;4;2;3;1;1;3;1;3;1;2;1;1;3;4;4;06/12/2014 11:33
MT430PN56123;12/06/2014;10:07:25;EIVDuring;11:54:10;11:54:08;42850;42848;7;7;control2;46620;00:00:46;Enjoyment;Neutral;4;4;4;1;3;1;1;2;1;4;1;2;1;1;4;4;4;06/12/2014 11:54
MT430PN56123;12/06/2014;10:07:25;EIVEnd;12:11:47;12:11:46;43907;43906;8;8;control2;41982;00:00:41;Hope;Neutral;4;4;4;1;3;1;1;1;1;4;1;1;1;2;4;4;4;06/12/2014 12:11
MT430PN56125;22/07/2014;14:22:15;EIVStart;14:27:36;14:27:34;52056;52054;1;1;hyper3;118163;00:01:58;Curiosity;Neutral;4;5;4;2;3;1;1;1;2;1;1;4;1;3;3;4;4;7/22/2014 14:27:00
MT430PN56125;22/07/2014;14:22:15;EIVDuring;14:34:42;14:34:39;52482;52479;2;2;hyper3;73460;00:01:13;Neutral;Neutral;3;3;3;2;3;1;1;2;1;1;1;3;1;1;3;3;3;7/22/2014 14:34:00
MT430PN56125;22/07/2014;14:22:15;EIVDuring;15:17:12;15:17:09;55032;55029;3;3;hyper3;58082;00:00:58;Curiosity;Neutral;3;3;3;3;3;1;2;2;2;2;1;4;1;3;3;4;4;7/22/2014 15:17:00
MT430PN56125;22/07/2014;14:22:15;EIVDuring;15:35:31;15:35:29;56131;56129;4;4;hyper3;41392;00:00:41;Neutral;Neutral;2;3;2;3;3;3;2;2;2;2;2;3;1;2;3;3;3;7/22/2014 15:35:00
MT430PN56125;22/07/2014;14:22:15;EIVDuring;16:07:04;16:07:01;58024;58021;5;5;hyper3;49441;00:00:49;Frustration;Neutral;1;2;1;5;4;2;3;3;3;3;3;3;2;1;2;3;3;7/22/2014 16:07:00
MT430PN56125;22/07/2014;14:22:15;EIVEnd;16:36:07;16:36:04;59767;59764;6;6;hyper3;40930;00:00:40;Neutral;Neutral;3;3;3;3;3;1;1;2;3;3;2;3;1;2;3;3;3;7/22/2014 16:36:00
MT430PN56129;22/08/2014;13:03:58;EIVStart;13:08:44;13:08:37;47324;47317;1;1;control2;78887;00:01:18;Boredom;Neutral;2;3;2;1;4;2;3;4;2;3;2;3;3;2;3;2;4;8/22/2014 13:08:00
MT430PN56129;22/08/2014;13:03:58;EIVDuring;13:15:40;13:15:33;47740;47733;2;2;control2;65381;00:01:05;Boredom;Neutral;1;3;1;3;3;4;2;5;2;2;2;3;2;2;2;4;2;8/22/2014 13:15:00
MT430PN56129;22/08/2014;13:03:58;EIVDuring;13:38:18;13:38:10;49098;49090;3;3;control2;44691;00:00:44;Boredom;Disgust;1;1;1;5;4;3;4;5;1;2;3;2;3;3;2;4;2;8/22/2014 13:38:00
MT430PN56129;22/08/2014;13:03:58;EIVDuring;14:13:05;14:12:58;51185;51178;4;4;control2;50721;00:00:50;Anxiety;Neutral;2;2;2;3;4;3;2;5;1;3;2;2;2;3;2;3;3;8/22/2014 14:12:00
MT430PN56129;22/08/2014;13:03:58;EIVDuring;14:28:58;14:28:50;52138;52130;5;5;control2;43176;00:00:43;Anxiety;Sadness;1;1;1;5;4;3;2;5;1;3;3;2;1;1;3;4;2;8/22/2014 14:28:00
MT430PN56129;22/08/2014;13:03:58;EIVDuring;14:45:05;14:44:58;53105;53098;6;6;control2;54713;00:00:54;Shame;Neutral;2;2;1;1;3;3;2;2;4;4;1;3;3;1;2;4;1;8/22/2014 14:44:00
MT430PN56129;22/08/2014;13:03:58;EIVEnd;15:03:40;15:03:33;54220;54213;7;7;control2;48222;00:00:48;Anxiety;Disgust;1;3;1;1;5;3;3;5;1;1;4;1;3;4;5;1;3;8/22/2014 15:03:00
MT430PN56133;19/09/2014;14:05:12;EIVStart;14:11:21;14:11:22;51081;51082;1;1;control2;124498;00:02:04;Curiosity;Neutral;3;5;3;1;1;1;1;1;1;1;1;5;1;1;4;5;5;9/19/2014 14:11:00
MT430PN56133;19/09/2014;14:05:12;EIVDuring;14:19:27;14:19:27;51567;51567;2;2;control2;90211;00:01:30;Curiosity;Neutral;4;5;3;1;1;1;1;1;1;1;1;5;1;1;4;5;5;9/19/2014 14:19:00
MT430PN56133;19/09/2014;14:05:12;EIVDuring;14:40:56;14:40:57;52856;52857;3;3;control2;76618;00:01:16;Curiosity;Surprise;5;5;3;1;1;1;1;1;4;1;1;5;1;4;2;5;5;9/19/2014 14:40:00
MT430PN56133;19/09/2014;14:05:12;EIVDuring;15:06:02;15:06:03;54362;54363;4;4;control2;605086;00:10:05;Curiosity;Surprise;4;5;3;1;1;1;1;1;4;1;1;5;1;4;1;5;4;9/19/2014 15:06:00
MT430PN56133;19/09/2014;14:05:12;EIVDuring;15:22:08;15:22:09;55328;55329;5;5;control2;48325;00:00:48;Curiosity;Surprise;4;5;3;1;1;1;1;1;4;1;1;4;1;4;1;5;4;9/19/2014 15:22:00
MT430PN56133;19/09/2014;14:05:12;EIVDuring;15:37:59;15:38:00;56279;56280;6;6;control2;49887;00:00:49;Curiosity;Surprise;4;4;3;1;1;1;1;1;3;1;1;4;1;4;1;5;4;9/19/2014 15:38:00
MT430PN56133;19/09/2014;14:05:12;EIVDuring;15:55:03;15:55:04;57303;57304;7;7;control2;124951;00:02:04;Neutral;Neutral;3;4;3;1;1;1;1;3;3;1;1;4;1;4;2;5;4;9/19/2014 15:55:00
MT430PN56133;19/09/2014;14:05:12;EIVEnd;16:12:05;16:12:06;58325;58326;8;8;control2;45022;00:00:45;Neutral;Neutral;3;1;3;1;1;1;1;3;3;1;1;3;1;4;4;5;4;9/19/2014 16:12:00
MT430PN56134;19/09/2014;10:07:36;EIVStart;10:13:36;10:13:37;36816;36817;1;1;hyper3;156457;00:02:36;Curiosity;Happiness;4;4;3;1;3;1;1;2;2;1;2;4;1;2;4;4;4;9/19/2014 10:13:00
MT430PN56134;19/09/2014;10:07:36;EIVDuring;10:20:52;10:20:53;37252;37253;2;2;hyper3;58663;00:00:58;Hope;Surprise;4;5;4;1;2;1;2;1;2;1;2;4;1;2;3;4;4;9/19/2014 10:20:00
MT430PN56134;19/09/2014;10:07:36;EIVDuring;11:31:33;11:31:34;41493;41494;3;3;hyper3;73924;00:01:13;Curiosity;Neutral;4;4;3;2;1;1;2;2;2;1;3;5;1;3;2;4;3;9/19/2014 11:31:00
MT430PN56134;19/09/2014;10:07:36;EIVEnd;12:26:35;12:26:36;44795;44796;4;4;hyper3;67270;00:01:07;Curiosity;Neutral;4;3;4;1;2;1;2;2;2;1;1;4;1;2;3;4;3;9/19/2014 12:26:00
MT430PN56135;26/09/2014;14:46:45;EIVStart;14:51:35;14:51:30;53495;53490;1;1;hyper3;88766;00:01:28;Curiosity;Neutral;4;5;5;1;5;1;1;2;3;1;1;5;1;4;5;5;5;9/26/2014 14:51:00
MT430PN56135;26/09/2014;14:46:45;EIVDuring;14:58:12;14:58:07;53892;53887;2;2;hyper3;39621;00:00:39;Curiosity;Neutral;4;5;5;1;5;1;1;2;4;1;1;5;1;3;5;5;5;9/26/2014 14:58:00
MT430PN56135;26/09/2014;14:46:45;EIVDuring;15:21:53;15:21:49;55313;55309;3;3;hyper3;37273;00:00:37;Hope;Neutral;4;4;4;1;4;1;1;1;4;1;1;4;1;3;4;4;5;9/26/2014 15:21:00
MT430PN56135;26/09/2014;14:46:45;EIVDuring;15:38:55;15:38:51;56335;56331;4;4;hyper3;43856;00:00:43;Curiosity;Neutral;3;4;4;1;4;1;1;3;2;1;1;4;1;3;5;5;5;9/26/2014 15:38:00
MT430PN56135;26/09/2014;14:46:45;EIVDuring;15:54:54;15:54:50;57294;57290;5;5;hyper3;58945;00:00:58;Enjoyment;Neutral;4;4;4;2;4;3;1;2;4;1;1;4;1;4;4;5;5;9/26/2014 15:54:00
MT430PN56135;26/09/2014;14:46:45;EIVDuring;16:12:31;16:12:26;58351;58346;6;6;hyper3;39823;00:00:39;Hope;Neutral;3;4;4;1;4;1;1;2;4;1;1;4;1;3;4;5;5;9/26/2014 16:12:00
MT430PN56135;26/09/2014;14:46:45;EIVDuring;16:28:28;16:28:24;59308;59304;7;7;hyper3;36271;00:00:36;Neutral;Neutral;4;4;4;1;4;1;1;3;4;1;1;4;1;3;5;5;5;9/26/2014 16:28:00
MT430PN56135;26/09/2014;14:46:45;EIVEnd;16:53:45;16:53:41;60825;60821;8;8;hyper3;39539;00:00:39;Hopelessness;Neutral;4;5;4;2;5;3;3;1;5;1;4;4;1;3;4;5;3;9/26/2014 16:53:00
MT430PN56145;14/10/2014;11:54:13;EIVStart;11:59:16;11:59:17;43156;43157;1;1;hyper3;103549;00:01:43;Hope;Happiness;3;4;4;1;1;1;1;2;1;1;1;3;1;2;3;3;5;10/14/2014 11:59:00
MT430PN56145;14/10/2014;11:54:13;EIVDuring;12:06:56;12:06:58;43616;43618;2;2;hyper3;45743;00:00:45;Hope;Happiness;3;4;4;1;1;1;1;2;1;1;1;2;1;2;3;3;5;10/14/2014 12:06:00
MT430PN56145;14/10/2014;11:54:13;EIVDuring;12:32:35;12:32:31;45155;45151;3;3;hyper3;71602;00:01:11;Hope;Neutral;3;4;4;3;1;1;1;2;1;1;1;2;1;1;3;3;5;10/14/2014 12:32:00
MT430PN56145;14/10/2014;11:54:13;EIVDuring;13:04:01;13:04:04;47041;47044;5;4;hyper3;43865;00:00:43;Hope;Happiness;3;4;4;1;1;1;1;2;1;1;1;2;1;1;3;4;5;10/14/2014 13:04:00
MT430PN56145;14/10/2014;11:54:13;EIVDuring;13:20:16;13:20:18;48016;48018;6;5;hyper3;39028;00:00:39;Neutral;Happiness;3;4;4;1;1;1;1;2;1;1;1;1;1;1;3;3;5;10/14/2014 13:20:00
MT430PN56145;14/10/2014;11:54:13;EIVDuring;13:35:38;13:35:41;48938;48941;7;6;hyper3;40710;00:00:40;Hope;Happiness;3;4;4;1;1;1;1;2;1;1;1;1;1;1;3;4;5;10/14/2014 13:35:00
MT430PN56145;14/10/2014;11:54:13;EIVEnd;14:09:33;14:09:35;50973;50975;8;7;hyper3;39491;00:00:39;Hope;Happiness;3;5;4;1;3;1;1;1;1;1;1;2;1;2;3;3;4;10/14/2014 14:09:00
MT430PN56146;16/10/2014;10:39:59;EIVStart;10:47:00;10:46:54;38820;38814;1;1;control2;173920;00:02:53;Neutral;Neutral;3;4;3;1;1;1;1;3;2;2;2;4;1;1;4;4;4;10/16/2014 10:46:00
MT430PN56146;16/10/2014;10:39:59;EIVDuring;10:54:06;10:54:01;39246;39241;2;2;control2;65879;00:01:05;Neutral;Neutral;3;4;2;2;2;3;2;4;2;2;2;3;2;2;4;3;4;10/16/2014 10:54:00
MT430PN56146;16/10/2014;10:39:59;EIVDuring;11:18:26;11:18:20;40706;40700;3;3;control2;122754;00:02:02;Boredom;Neutral;2;2;2;4;2;3;3;5;3;4;2;2;2;2;3;2;2;10/16/2014 11:18:00
MT430PN56146;16/10/2014;10:39:59;EIVDuring;11:38:02;11:37:56;41882;41876;4;4;control2;70920;00:01:10;Boredom;Neutral;1;2;2;3;2;2;2;5;2;2;2;2;2;2;2;2;2;10/16/2014 11:37:00
MT430PN56146;16/10/2014;10:39:59;EIVDuring;11:54:23;11:54:17;42863;42857;5;5;control2;81062;00:01:21;Boredom;Neutral;3;4;1;4;2;3;3;5;2;2;4;2;2;2;3;2;2;10/16/2014 11:54:00
MT430PN56146;16/10/2014;10:39:59;EIVDuring;12:10:34;12:10:29;43834;43829;6;6;control2;70995;00:01:10;Boredom;Neutral;1;1;1;1;1;4;4;5;1;2;1;1;1;1;1;2;2;10/16/2014 12:10:00
MT430PN56146;16/10/2014;10:39:59;EIVDuring;12:26:23;12:26:18;44783;44778;7;7;control2;49375;00:00:49;Boredom;Neutral;1;1;1;4;2;4;4;5;2;2;2;2;2;2;3;2;2;10/16/2014 12:26:00
MT430PN56146;16/10/2014;10:39:59;EIVEnd;12:44:11;12:44:06;45851;45846;8;8;control2;42220;00:00:42;Shame;Sadness;2;2;2;2;2;4;4;4;2;2;2;2;3;2;2;2;2;10/16/2014 12:44:00
MT430PN56147;22/10/2014;09:07:10;EIVStart;09:15:03;09:14:58;33303;33298;1;1;hyper3;119345;00:01:59;Curiosity;Neutral;4;4;3;1;3;1;1;2;1;1;2;4;2;1;3;4;4;10/22/2014 9:14:00
MT430PN56147;22/10/2014;09:07:10;EIVDuring;09:24:57;09:24:48;33897;33888;2;2;hyper3;89273;00:01:29;Curiosity;Neutral;3;4;3;1;2;1;2;3;1;1;2;4;2;1;3;4;4;10/22/2014 9:24:00
MT430PN56147;22/10/2014;09:07:10;EIVDuring;10:22:44;10:22:41;37364;37361;3;3;hyper3;60228;00:01:00;Frustration;Anger;2;2;2;3;2;1;2;1;1;2;3;3;2;1;2;4;3;10/22/2014 10:22:00
MT430PN56147;22/10/2014;09:07:10;EIVDuring;10:40:57;10:40:53;38457;38453;4;4;hyper3;46497;00:00:46;Frustration;Anger;2;2;1;3;3;1;2;2;1;3;3;2;2;1;1;3;2;10/22/2014 10:40:00
MT430PN56147;22/10/2014;09:07:10;EIVEnd;11:43:36;11:43:32;42216;42212;5;5;hyper3;57316;00:00:57;Frustration;Sadness;2;2;1;4;4;1;1;2;1;2;3;2;2;1;1;3;1;10/22/2014 11:43:00
MT430PN56148;24/10/2014;14:49:50;EIVStart;14:55:39;14:55:39;53739;53739;1;1;control2;78728;00:01:18;Neutral;Neutral;3;4;1;1;4;1;1;3;1;1;1;2;1;1;5;4;5;10/24/2014 14:55:00
MT430PN56148;24/10/2014;14:49:50;EIVDuring;15:03:17;15:03:17;54197;54197;2;2;control2;58928;00:00:58;Boredom;Neutral;2;3;1;2;4;1;1;3;1;1;1;2;1;1;3;5;5;10/24/2014 15:03:00
MT430PN56148;24/10/2014;14:49:50;EIVDuring;15:26:09;15:26:09;55569;55569;3;3;control2;52697;00:00:52;Contempt;Neutral;3;4;2;2;3;2;2;3;2;3;2;2;2;2;3;3;4;10/24/2014 15:26:00
MT430PN56148;24/10/2014;14:49:50;EIVDuring;15:41:52;15:41:52;56512;56512;4;4;control2;43135;00:00:43;Enjoyment;Neutral;4;4;3;1;2;1;1;1;3;4;1;2;1;4;3;5;5;10/24/2014 15:41:00
MT430PN56148;24/10/2014;14:49:50;EIVDuring;15:57:33;15:57:33;57453;57453;5;5;control2;40274;00:00:40;Contempt;Neutral;3;3;3;1;1;1;1;1;1;3;1;1;1;2;1;5;4;10/24/2014 15:57:00
MT430PN56148;24/10/2014;14:49:50;EIVDuring;16:13:29;16:13:29;58409;58409;6;6;control2;38779;00:00:38;Neutral;Neutral;3;3;3;3;1;1;1;2;1;2;1;1;1;1;2;4;4;10/24/2014 16:13:00
MT430PN56148;24/10/2014;14:49:50;EIVDuring;16:29:18;16:29:18;59358;59358;7;7;control2;48802;00:00:48;Contempt;Neutral;3;3;2;2;2;2;2;4;2;3;1;2;1;3;3;4;4;10/24/2014 16:29:00
MT430PN56148;24/10/2014;14:49:50;EIVEnd;16:46:20;16:46:20;60380;60380;8;8;control2;43968;00:00:43;Neutral;Neutral;2;3;3;2;3;1;1;2;1;2;1;1;1;1;4;3;4;10/24/2014 16:46:00
MT430PN56150;22/10/2014;13:37:37;EIVStart;13:42:31;13:42:23;49351;49343;1;1;hyper3;79438;00:01:19;Curiosity;Neutral;3;4;4;1;2;1;1;1;2;1;1;4;1;1;4;4;4;10/22/2014 13:42:00
MT430PN56150;22/10/2014;13:37:37;EIVDuring;13:50:47;13:50:43;49847;49843;2;2;hyper3;48171;00:00:48;Curiosity;Neutral;3;4;3;1;2;1;1;1;1;1;1;4;1;1;3;4;4;10/22/2014 13:50:00
MT430PN56150;22/10/2014;13:37:37;EIVDuring;14:14:00;14:13:56;51240;51236;3;3;hyper3;36660;00:00:36;Curiosity;Neutral;3;4;4;1;4;1;1;1;1;1;1;4;1;1;3;4;4;10/22/2014 14:13:00
MT430PN56150;22/10/2014;13:37:37;EIVDuring;14:29:38;14:29:34;52178;52174;4;4;hyper3;37237;00:00:37;Curiosity;Neutral;3;4;4;1;3;1;1;1;1;1;1;4;1;3;3;4;4;10/22/2014 14:29:00
MT430PN56150;22/10/2014;13:37:37;EIVDuring;14:46:25;14:46:17;53185;53177;5;5;hyper3;38053;00:00:38;Enjoyment;Neutral;3;4;4;1;4;1;1;1;1;1;1;4;1;4;3;4;4;10/22/2014 14:46:00
MT430PN56150;22/10/2014;13:37:37;EIVDuring;15:02:11;15:02:08;54131;54128;6;6;hyper3;46177;00:00:46;Anxiety;Neutral;3;4;4;1;4;1;1;1;1;1;1;4;1;4;3;4;4;10/22/2014 15:02:00
MT430PN56150;22/10/2014;13:37:37;EIVDuring;15:21:36;15:21:32;55296;55292;7;7;hyper3;51593;00:00:51;Frustration;Sadness;2;3;3;4;2;1;1;3;1;1;1;3;1;2;3;3;3;10/22/2014 15:21:00
MT430PN56150;22/10/2014;13:37:37;EIVEnd;15:48:23;15:48:19;56903;56899;8;8;hyper3;40410;00:00:40;Boredom;Neutral;2;4;4;4;4;1;1;4;1;1;1;3;1;1;3;4;4;10/22/2014 15:48:00
MT430PN56151;23/10/2014;13:46:12;EIVStart;13:51:42;13:51:38;49902;49898;1;1;hyper3;114280;00:01:54;Boredom;Neutral;5;5;3;1;1;1;1;4;1;1;1;1;1;1;5;1;3;10/23/2014 13:51:00
MT430PN56151;23/10/2014;13:46:12;EIVDuring;14:00:12;14:00:08;50412;50408;2;2;hyper3;71645;00:01:11;Neutral;Neutral;3;2;2;3;3;1;1;3;1;1;4;1;1;1;3;1;3;10/23/2014 14:00:00
MT430PN56151;23/10/2014;13:46:12;EIVDuring;14:23:45;14:23:42;51825;51822;3;3;hyper3;86436;00:01:26;Frustration;Neutral;3;2;3;5;3;3;3;2;1;5;3;3;1;1;2;2;1;10/23/2014 14:23:00
MT430PN56151;23/10/2014;13:46:12;EIVDuring;14:59:06;14:59:03;53946;53943;4;4;hyper3;65650;00:01:05;Boredom;Disgust;1;1;1;5;3;1;1;5;1;5;1;1;1;1;1;1;1;10/23/2014 14:59:00
MT430PN56151;23/10/2014;13:46:12;EIVDuring;15:32:45;15:32:41;55965;55961;5;5;hyper3;87503;00:01:27;Contempt;Anger;1;1;1;5;1;3;1;5;1;5;1;1;1;1;1;1;1;10/23/2014 15:32:00
MT430PN56151;23/10/2014;13:46:12;EIVEnd;16:08:11;16:08:08;58091;58088;6;6;hyper3;43450;00:00:43;Frustration;Neutral;1;1;1;5;1;3;1;5;1;5;1;1;1;1;1;1;1;10/23/2014 16:08:00
MT430PN56152;27/10/2014;15:46:34;EIVStart;15:52:27;15:52:28;57147;57148;1;1;control2;84055;00:01:24;Neutral;Neutral;3;3;3;2;4;3;2;4;2;3;2;4;2;2;4;3;4;10/27/2014 15:52:00
MT430PN56152;27/10/2014;15:46:34;EIVDuring;15:59:56;15:59:57;57596;57597;2;2;control2;41872;00:00:41;Neutral;Neutral;3;3;2;3;2;2;2;3;2;3;2;4;2;2;3;4;3;10/27/2014 15:59:00
MT430PN56152;27/10/2014;15:46:34;EIVDuring;16:20:58;16:20:59;58858;58859;3;3;control2;74487;00:01:14;Surprise;Surprise;3;4;3;3;3;3;2;2;4;3;2;4;2;2;4;4;3;10/27/2014 16:20:00
MT430PN56152;27/10/2014;15:46:34;EIVDuring;16:37:04;16:37:05;59824;59825;4;4;control2;69272;00:01:09;Boredom;Neutral;3;4;3;3;4;3;2;4;2;3;2;3;2;2;3;4;3;10/27/2014 16:37:00
MT430PN56152;27/10/2014;15:46:34;EIVDuring;16:53:23;16:53:24;60803;60804;5;5;control2;39473;00:00:39;Boredom;Anger;2;3;2;4;3;2;2;4;2;2;2;2;2;2;2;3;3;10/27/2014 16:53:00
MT430PN56152;27/10/2014;15:46:34;EIVDuring;17:08:46;17:08:47;61726;61727;6;6;control2;44840;00:00:44;Frustration;Anger;2;2;2;4;4;2;2;4;2;2;2;2;3;2;2;4;3;10/27/2014 17:08:00
MT430PN56152;27/10/2014;15:46:34;EIVDuring;17:24:34;17:24:35;62674;62675;7;7;control2;46044;00:00:46;Boredom;Anger;2;2;2;4;4;2;2;4;2;2;2;2;2;2;2;4;3;10/27/2014 17:24:00
MT430PN56152;27/10/2014;15:46:34;EIVEnd;17:41:55;17:41:56;63715;63716;8;8;control2;37281;00:00:37;Contempt;Neutral;2;2;2;4;3;2;2;4;2;2;2;2;2;2;3;4;3;10/27/2014 17:41:00
MT430PN56153;30/10/2014;10:31:39;EIVStart;10:36:12;10:36:14;38172;38174;1;1;control2;68144;00:01:08;Curiosity;Neutral;4;4;3;1;2;1;1;1;1;3;1;4;1;1;3;4;3;10/30/2014 10:36:00
MT430PN56153;30/10/2014;10:31:39;EIVDuring;10:42:33;10:42:35;38553;38555;2;2;control2;40919;00:00:40;Curiosity;Neutral;4;4;2;1;1;1;1;1;3;1;1;5;1;1;2;4;3;10/30/2014 10:42:00
MT430PN56153;30/10/2014;10:31:39;EIVDuring;11:03:50;11:03:51;39830;39831;3;3;control2;66716;00:01:06;Curiosity;Neutral;4;3;1;1;1;1;1;2;1;1;1;5;1;2;3;5;3;10/30/2014 11:03:00
MT430PN56153;30/10/2014;10:31:39;EIVDuring;11:19:45;11:19:46;40785;40786;4;4;control2;54561;00:00:54;Enjoyment;Surprise;4;4;1;1;4;1;1;1;5;1;1;5;1;3;2;5;3;10/30/2014 11:19:00
MT430PN56153;30/10/2014;10:31:39;EIVDuring;11:35:29;11:35:31;41729;41731;5;5;control2;43730;00:00:43;Enjoyment;Surprise;4;3;1;1;3;1;1;1;3;1;1;3;1;1;1;5;3;10/30/2014 11:35:00
MT430PN56153;30/10/2014;10:31:39;EIVDuring;11:51:03;11:51:05;42663;42665;6;6;control2;34675;00:00:34;Enjoyment;Neutral;4;2;1;1;3;1;1;1;1;1;1;3;1;2;1;5;3;10/30/2014 11:51:00
MT430PN56153;30/10/2014;10:31:39;EIVDuring;12:06:43;12:06:45;43603;43605;7;7;control2;39940;00:00:39;Enjoyment;Neutral;4;2;1;1;4;1;1;2;1;1;1;4;1;1;4;5;3;10/30/2014 12:06:00
MT430PN56153;30/10/2014;10:31:39;EIVEnd;12:24:02;12:24:03;44642;44643;8;8;control2;43684;00:00:43;Frustration;Sadness;3;2;1;3;3;3;1;1;1;1;2;1;1;1;2;5;2;10/30/2014 12:24:00
MT430PN56154;04/11/2014;12:21:28;EIVStart;12:26:14;12:26:12;44774;44772;1;1;hyper3;99256;00:01:39;Contempt;Neutral;3;3;4;2;2;1;1;4;3;3;2;3;1;2;3;4;4;11/04/2014 12:26
MT430PN56154;04/11/2014;12:21:28;EIVDuring;12:34:54;12:34:54;45294;45294;2;2;hyper3;46095;00:00:46;Boredom;Neutral;3;3;4;1;2;1;1;4;3;3;3;4;2;2;4;4;3;11/04/2014 12:34
MT430PN56154;04/11/2014;12:21:28;EIVDuring;13:28:50;13:28:48;48530;48528;3;3;hyper3;42411;00:00:42;Boredom;Neutral;3;3;3;1;1;1;1;3;2;3;2;4;1;1;3;4;3;11/04/2014 13:28
MT430PN56154;04/11/2014;12:21:28;EIVEnd;14:40:53;14:40:53;52853;52853;4;4;hyper3;38130;00:00:38;Frustration;Neutral;2;2;2;4;2;3;2;4;2;2;3;2;2;2;2;2;3;11/04/2014 14:40
MT430PN56155;06/11/2014;13:47:45;EIVStart;13:52:28;13:52:29;49948;49949;1;1;hyper3;89648;00:01:29;Curiosity;Happiness;4;4;4;2;3;2;5;2;3;3;2;4;2;3;3;3;4;11/06/2014 13:52
MT430PN56155;06/11/2014;13:47:45;EIVDuring;14:02:03;14:02:04;50523;50524;2;2;hyper3;37998;00:00:37;Curiosity;Happiness;4;4;4;2;3;2;2;3;3;3;3;4;3;3;3;3;3;11/06/2014 14:02
MT430PN56155;06/11/2014;13:47:45;EIVDuring;14:24:43;14:24:44;51883;51884;3;3;hyper3;36555;00:00:36;Curiosity;Happiness;4;4;4;2;3;2;2;3;3;3;2;4;2;3;3;3;3;11/06/2014 14:24
MT430PN56155;06/11/2014;13:47:45;EIVDuring;14:44:11;14:44:12;53051;53052;4;4;hyper3;41103;00:00:41;Boredom;Neutral;4;4;3;3;3;2;2;4;3;3;3;4;2;3;3;3;3;11/06/2014 14:44
MT430PN56155;06/11/2014;13:47:45;EIVDuring;14:56:39;14:56:40;53799;53800;5;5;hyper3;40899;00:00:40;Boredom;Neutral;3;3;3;3;3;2;3;4;3;3;3;3;2;3;3;3;3;11/06/2014 14:56
MT430PN56155;06/11/2014;13:47:45;EIVDuring;15:12:31;15:12:32;54751;54752;6;6;hyper3;52913;00:00:52;Boredom;Neutral;2;2;2;4;3;3;3;4;3;3;3;4;3;3;3;3;3;11/06/2014 15:12
MT430PN56155;06/11/2014;13:47:45;EIVDuring;15:30:24;15:30:25;55824;55825;7;7;hyper3;43121;00:00:43;Boredom;Neutral;2;2;2;3;3;2;2;4;3;3;3;4;2;3;3;3;3;11/06/2014 15:30
MT430PN56155;06/11/2014;13:47:45;EIVEnd;15:52:51;15:52:52;57171;57172;8;8;hyper3;47063;00:00:47;Boredom;Neutral;2;2;2;4;3;3;3;4;3;2;3;4;3;3;3;3;2;11/06/2014 15:52
MT430PN56156;07/11/2014;10:31:12;EIVStart;10:37:54;10:37:55;38274;38275;1;1;hyper3;141213;00:02:21;Boredom;Neutral;3;3;2;2;3;2;2;4;1;2;3;3;2;1;5;4;4;11/07/2014 10:37
MT430PN56156;07/11/2014;10:31:12;EIVDuring;10:46:08;10:46:09;38768;38769;2;2;hyper3;75692;00:01:15;Boredom;Neutral;2;2;2;3;2;1;2;4;1;2;2;4;2;2;5;4;4;11/07/2014 10:46
MT430PN56156;07/11/2014;10:31:12;EIVDuring;11:08:04;11:08:06;40084;40086;3;3;hyper3;66926;00:01:06;Neutral;Sadness;2;4;2;1;1;1;1;4;1;1;2;2;2;2;4;4;4;11/07/2014 11:08
MT430PN56156;07/11/2014;10:31:12;EIVDuring;11:26:56;11:26:57;41216;41217;4;4;hyper3;109497;00:01:49;Boredom;Anger;2;4;2;2;3;2;2;5;1;1;2;3;2;2;4;4;4;11/07/2014 11:26
MT430PN56156;07/11/2014;10:31:12;EIVDuring;11:42:32;11:42:33;42152;42153;5;5;hyper3;51020;00:00:51;Boredom;Neutral;2;2;2;3;3;1;2;4;1;1;1;2;2;2;1;4;4;11/07/2014 11:42
MT430PN56156;07/11/2014;10:31:12;EIVDuring;12:00:10;12:00:11;43210;43211;6;6;hyper3;69720;00:01:09;Anxiety;Neutral;1;2;1;3;4;1;2;4;1;1;2;2;2;1;4;3;2;11/07/2014 12:00
MT430PN56156;07/11/2014;10:31:12;EIVDuring;12:16:09;12:16:11;44169;44171;7;7;hyper3;59782;00:00:59;Anxiety;Neutral;1;2;1;3;3;1;1;4;1;1;2;2;2;2;4;4;4;11/07/2014 12:16
MT430PN56156;07/11/2014;10:31:12;EIVEnd;12:36:37;12:36:38;45397;45398;8;8;hyper3;47788;00:00:47;Anxiety;Neutral;2;2;1;2;3;1;2;2;1;1;2;2;2;1;4;4;4;11/07/2014 12:36
MT430PN56160;21/01/2015;12:42:02;EIVStart;12:47:30;12:46:49;46050;46009;1;1;control2;119674;00:01:59;Neutral;Neutral;4;4;3;2;3;1;1;2;3;1;2;4;1;2;4;4;4;1/21/2015 12:46:00
MT430PN56160;21/01/2015;12:42:02;EIVDuring;12:54:29;12:53:48;46469;46428;2;2;control2;47802;00:00:47;Neutral;Neutral;4;4;3;2;3;1;1;2;2;1;2;4;1;2;4;4;4;1/21/2015 12:53:00
MT430PN56160;21/01/2015;12:42:02;EIVDuring;13:16:01;13:15:20;47761;47720;3;3;control2;61073;00:01:01;Surprise;Surprise;3;4;3;3;4;2;2;2;4;2;4;4;1;1;3;4;4;1/21/2015 13:15:00
MT430PN56160;21/01/2015;12:42:02;EIVDuring;13:31:48;13:31:07;48708;48667;4;4;control2;47976;00:00:47;Curiosity;Surprise;3;4;3;4;4;1;1;2;4;1;4;4;1;1;2;4;4;1/21/2015 13:31:00
MT430PN56160;21/01/2015;12:42:02;EIVDuring;13:47:51;13:47:09;49671;49629;5;5;control2;61747;00:01:01;Curiosity;Surprise;3;4;3;4;4;1;1;2;4;1;4;4;1;2;3;4;4;1/21/2015 13:47:00
MT430PN56160;21/01/2015;12:42:02;EIVDuring;14:20:02;14:19:21;51602;51561;6;6;control2;50484;00:00:50;Curiosity;Surprise;3;4;4;2;3;2;2;3;4;1;3;4;1;4;3;4;4;1/21/2015 14:19:00
MT430PN56160;21/01/2015;12:42:02;EIVEnd;14:43:27;14:42:45;53007;52965;7;7;control2;35974;00:00:35;Neutral;Neutral;3;4;4;4;4;2;2;3;4;2;2;4;2;4;3;5;5;1/21/2015 14:42:00
MT430PN56161;02/02/2015;14:28:01;EIVStart;14:33:45;14:32:50;52425;52370;1;1;control2;134216;00:02:14;Boredom;Neutral;2;4;4;3;3;3;2;5;3;3;3;2;3;1;3;3;2;02/02/2015 14:32
MT430PN56161;02/02/2015;14:28:01;EIVDuring;14:41:02;14:40:07;52862;52807;2;2;control2;65193;00:01:05;Boredom;Neutral;2;3;3;2;2;3;2;5;3;3;2;3;2;1;4;2;3;02/02/2015 14:40
MT430PN56161;02/02/2015;14:28:01;EIVDuring;15:04:06;15:03:11;54246;54191;3;3;control2;66170;00:01:06;Boredom;Neutral;1;3;2;3;3;3;4;5;2;3;3;2;3;1;3;2;2;02/02/2015 15:03
MT430PN56161;02/02/2015;14:28:01;EIVDuring;15:19:52;15:18:57;55192;55137;4;4;control2;70275;00:01:10;Boredom;Neutral;1;3;2;4;2;2;4;5;1;3;3;3;3;1;4;1;1;02/02/2015 15:18
MT430PN56161;02/02/2015;14:28:01;EIVDuring;15:38:03;15:37:08;56283;56228;5;5;control2;97483;00:01:37;Boredom;Neutral;1;3;2;4;2;3;3;5;2;2;3;2;3;1;4;1;2;02/02/2015 15:37
MT430PN56161;02/02/2015;14:28:01;EIVDuring;15:54:00;15:53:05;57240;57185;6;6;control2;108057;00:01:48;Boredom;Neutral;1;3;2;3;4;3;3;5;3;4;3;2;3;1;4;1;1;02/02/2015 15:53
MT430PN56161;02/02/2015;14:28:01;EIVDuring;16:10:43;16:09:48;58243;58188;7;7;control2;53357;00:00:53;Confusion;Neutral;1;2;2;3;2;2;2;5;3;2;3;2;2;2;3;2;2;02/02/2015 16:09
MT430PN56161;02/02/2015;14:28:01;EIVEnd;16:29:16;16:28:21;59356;59301;8;8;control2;42885;00:00:42;Boredom;Neutral;2;3;3;3;2;3;2;5;2;2;3;2;2;2;4;1;2;02/02/2015 16:28
MT430PN56162;28/01/2015;10:15:35;EIVStart;10:20:47;10:20:01;37247;37201;1;1;hyper3;119872;00:01:59;Neutral;Neutral;3;4;4;1;1;1;1;2;1;1;1;4;1;1;5;4;5;1/28/2015 10:20:00
MT430PN56162;28/01/2015;10:15:35;EIVDuring;10:28:01;10:27:15;37681;37635;2;2;hyper3;38283;00:00:38;Neutral;Neutral;3;4;3;1;2;2;1;3;3;1;2;4;1;1;5;4;5;1/28/2015 10:27:00
MT430PN56162;28/01/2015;10:15:35;EIVDuring;10:53:29;10:52:43;39209;39163;3;3;hyper3;35526;00:00:35;Frustration;Neutral;2;5;3;5;1;1;1;3;1;3;1;1;1;1;2;2;4;1/28/2015 10:52:00
MT430PN56162;28/01/2015;10:15:35;EIVDuring;11:08:29;11:07:43;40109;40063;4;4;hyper3;29938;00:00:29;Frustration;Neutral;2;4;3;5;1;1;1;2;1;1;1;1;1;1;4;3;4;1/28/2015 11:07:00
MT430PN56162;28/01/2015;10:15:35;EIVDuring;11:23:44;11:22:58;41024;40978;5;5;hyper3;30040;00:00:30;Boredom;Neutral;2;2;3;4;1;1;1;3;1;1;1;1;1;1;1;3;3;1/28/2015 11:22:00
MT430PN56162;28/01/2015;10:15:35;EIVDuring;11:39:41;11:38:54;41981;41934;6;6;hyper3;29280;00:00:29;Boredom;Neutral;2;3;1;3;1;1;1;3;1;1;1;1;1;1;5;2;3;1/28/2015 11:38:00
MT430PN56162;28/01/2015;10:15:35;EIVEnd;12:21:06;12:20:20;44466;44420;7;7;hyper3;33610;00:00:33;Boredom;Neutral;1;2;2;2;1;1;1;4;1;1;1;1;1;1;3;2;3;1/28/2015 12:20:00
MT430PN56163;30/01/2015;12:21:27;EIVStart;12:25:10;12:24:25;44710;44665;1;1;control2;53739;00:00:53;Boredom;Neutral;3;3;3;3;1;1;1;4;2;1;1;4;1;1;4;2;5;1/30/2015 12:24:00
MT430PN56163;30/01/2015;12:21:27;EIVDuring;12:31:31;12:30:46;45091;45046;2;2;control2;38181;00:00:38;Curiosity;Neutral;4;4;3;1;1;1;1;2;4;1;1;4;1;3;2;4;5;1/30/2015 12:30:00
MT430PN56163;30/01/2015;12:21:27;EIVDuring;12:52:43;12:51:57;46363;46317;3;3;control2;41278;00:00:41;Curiosity;Neutral;3;3;3;1;1;1;1;3;4;1;1;4;1;1;1;4;5;1/30/2015 12:51:00
MT430PN56163;30/01/2015;12:21:27;EIVDuring;13:08:23;13:07:37;47303;47257;4;4;control2;66585;00:01:06;Curiosity;Neutral;4;3;3;1;1;1;1;3;2;3;1;4;1;1;3;3;5;1/30/2015 13:07:00
MT430PN56164;04/02/2015;11:48:04;EIVStart;11:53:30;11:52:32;42810;42752;1;1;hyper3;139515;00:02:19;Curiosity;Neutral;3;4;2;3;4;3;2;1;2;1;2;5;2;2;1;4;4;02/04/2015 11:52
MT430PN56164;04/02/2015;11:48:04;EIVDuring;12:04:48;12:03:51;43488;43431;2;2;hyper3;110078;00:01:50;Curiosity;Surprise;4;4;4;2;4;2;1;2;4;1;3;4;2;2;3;4;4;02/04/2015 12:03
MT430PN56164;04/02/2015;11:48:04;EIVDuring;12:29:51;12:28:54;44991;44934;3;3;hyper3;61217;00:01:01;Hope;Sadness;4;4;4;2;3;1;1;2;3;1;3;4;3;3;3;5;4;02/04/2015 12:28
MT430PN56164;04/02/2015;11:48:04;EIVDuring;12:46:03;12:45:06;45963;45906;4;4;hyper3;69454;00:01:09;Hope;Sadness;3;4;4;4;3;1;1;1;2;1;3;4;4;4;3;4;4;02/04/2015 12:45
MT430PN56164;04/02/2015;11:48:04;EIVDuring;13:03:05;13:02:08;46985;46928;5;5;hyper3;55889;00:00:55;Hope;Surprise;4;4;4;3;3;1;1;1;4;1;3;4;3;3;3;5;4;02/04/2015 13:02
MT430PN56164;04/02/2015;11:48:04;EIVDuring;13:21:33;13:20:36;48093;48036;6;6;hyper3;59307;00:00:59;Frustration;Surprise;4;2;2;4;4;3;2;2;5;2;4;4;4;1;2;5;4;02/04/2015 13:20
MT430PN56164;04/02/2015;11:48:04;EIVDuring;13:38:12;13:37:15;49092;49035;7;7;hyper3;86304;00:01:26;Curiosity;Neutral;4;4;2;2;2;1;1;3;3;1;2;4;3;3;4;4;4;02/04/2015 13:37
MT430PN56164;04/02/2015;11:48:04;EIVEnd;14:23:28;14:22:30;51808;51750;8;8;hyper3;68390;00:01:08;Hope;Neutral;3;4;4;3;4;1;1;2;3;1;2;4;2;3;4;5;4;02/04/2015 14:22
MT430PN56165;06/02/2015;14:28:03;EIVStart;14:33:03;14:32:06;52383;52326;1;1;control2;100753;00:01:40;Neutral;Neutral;3;4;2;1;1;1;2;3;1;1;3;4;1;1;5;5;3;02/06/2015 14:32
MT430PN56165;06/02/2015;14:28:03;EIVDuring;14:40:01;14:39:04;52801;52744;2;2;control2;53942;00:00:53;Neutral;Neutral;4;3;1;2;2;1;1;1;1;1;1;1;1;1;5;4;3;02/06/2015 14:39
MT430PN56165;06/02/2015;14:28:03;EIVDuring;15:02:51;15:01:54;54171;54114;3;3;control2;50504;00:00:50;Surprise;Surprise;3;1;1;2;3;1;1;1;5;1;3;3;1;2;4;5;2;02/06/2015 15:01
MT430PN56165;06/02/2015;14:28:03;EIVDuring;15:21:11;15:20:14;55271;55214;4;4;control2;48974;00:00:48;Curiosity;Neutral;2;1;2;2;2;1;1;1;2;3;3;3;1;5;4;5;3;02/06/2015 15:20
MT430PN56165;06/02/2015;14:28:03;EIVDuring;15:34:44;15:33:47;56084;56027;5;5;control2;45277;00:00:45;Curiosity;Neutral;2;2;2;4;4;1;1;1;5;4;1;4;1;4;2;5;3;02/06/2015 15:33
MT430PN56165;06/02/2015;14:28:03;EIVDuring;15:50:35;15:49:38;57035;56978;6;6;control2;50983;00:00:50;Neutral;Neutral;1;1;1;2;2;1;1;1;5;2;2;2;1;4;4;5;2;02/06/2015 15:49
MT430PN56165;06/02/2015;14:28:03;EIVDuring;16:06:06;16:05:09;57966;57909;7;7;control2;31243;00:00:31;Neutral;Neutral;2;2;1;2;4;2;1;1;3;1;1;3;1;4;5;5;2;02/06/2015 16:05
MT430PN56165;06/02/2015;14:28:03;EIVEnd;16:25:22;16:24:25;59122;59065;8;8;control2;56975;00:00:56;Hope;Neutral;3;4;3;1;3;1;2;1;1;1;1;3;1;3;4;4;3;02/06/2015 16:24
MT430PN56166;06/02/2015;10:25:54;EIVStart;10:30:30;10:29:33;37830;37773;1;1;hyper3;64768;00:01:04;Neutral;Neutral;3;3;2;2;2;1;1;4;1;3;1;2;2;1;4;3;3;02/06/2015 10:29
MT430PN56166;06/02/2015;10:25:54;EIVDuring;10:37:07;10:36:10;38227;38170;2;2;hyper3;50652;00:00:50;Neutral;Neutral;2;3;2;2;2;1;1;4;1;1;1;2;1;1;4;3;3;02/06/2015 10:36
MT430PN56166;06/02/2015;10:25:54;EIVDuring;11:01:16;11:00:19;39676;39619;3;3;hyper3;40077;00:00:40;Boredom;Neutral;1;1;2;3;2;1;1;5;1;1;1;2;1;1;4;3;3;02/06/2015 11:00
MT430PN56166;06/02/2015;10:25:54;EIVDuring;11:32:43;11:31:46;41563;41506;4;4;hyper3;50141;00:00:50;Frustration;Neutral;1;1;1;5;3;1;1;5;1;1;3;1;1;1;3;1;2;02/06/2015 11:31
MT430PN56166;06/02/2015;10:25:54;EIVDuring;11:47:38;11:46:41;42458;42401;5;5;hyper3;33577;00:00:33;Frustration;Anger;1;1;1;5;4;1;1;5;1;1;2;1;1;1;4;1;3;02/06/2015 11:46
MT430PN56166;06/02/2015;10:25:54;EIVDuring;12:03:12;12:02:16;43392;43336;6;6;hyper3;35000;00:00:35;Boredom;Neutral;1;2;2;3;4;1;1;5;1;1;1;1;1;1;5;2;3;02/06/2015 12:02
MT430PN56166;06/02/2015;10:25:54;EIVEnd;12:29:07;12:28:10;44947;44890;7;7;hyper3;30966;00:00:30;Boredom;Neutral;1;1;1;3;3;1;1;5;1;1;2;2;1;1;4;3;3;02/06/2015 12:28
MT430PN56167;11/02/2015;08:15:40;EIVStart;08:20:08;08:19:07;30008;29947;1;1;control2;83589;00:01:23;Anxiety;Neutral;3;3;3;4;4;2;2;3;1;3;1;4;2;1;3;3;4;02/11/2015 08:19
MT430PN56167;11/02/2015;08:15:40;EIVDuring;08:26:51;08:25:51;30411;30351;2;2;control2;41911;00:00:41;Anxiety;Neutral;3;3;3;3;4;3;3;4;3;3;3;4;4;3;3;3;4;02/11/2015 08:25
MT430PN56167;11/02/2015;08:15:40;EIVDuring;08:47:44;08:46:43;31664;31603;3;3;control2;40320;00:00:40;Anxiety;Sadness;3;3;3;3;3;3;3;4;3;3;3;3;4;3;3;3;4;02/11/2015 08:46
MT430PN56167;11/02/2015;08:15:40;EIVDuring;09:03:25;09:02:24;32605;32544;4;4;control2;40609;00:00:40;Neutral;Neutral;3;3;3;3;4;3;3;4;3;3;3;3;3;3;4;3;4;02/11/2015 09:02
MT430PN56167;11/02/2015;08:15:40;EIVDuring;09:18:55;09:17:54;33535;33474;5;5;control2;29380;00:00:29;Neutral;Neutral;3;3;3;3;4;3;3;4;3;3;3;4;3;3;4;4;4;02/11/2015 09:17
MT430PN56167;11/02/2015;08:15:40;EIVDuring;09:34:27;09:33:26;34467;34406;6;6;control2;32748;00:00:32;Neutral;Neutral;3;3;3;3;4;3;3;4;3;3;3;4;3;3;4;4;4;02/11/2015 09:33
MT430PN56167;11/02/2015;08:15:40;EIVDuring;09:50:02;09:49:01;35402;35341;7;7;control2;34265;00:00:34;Neutral;Neutral;3;3;3;3;4;3;3;4;3;3;3;4;3;3;5;4;4;02/11/2015 09:49
MT430PN56167;11/02/2015;08:15:40;EIVEnd;10:07:09;10:06:09;36429;36369;8;8;control2;32987;00:00:32;Neutral;Neutral;3;3;3;3;4;3;3;3;3;3;3;3;3;3;5;3;4;02/11/2015 10:06
MT430PN56168;10/02/2015;14:51:16;EIVStart;14:56:09;14:55:08;53769;53708;1;1;control2;105426;00:01:45;Neutral;Neutral;3;4;2;3;4;2;2;4;3;2;3;4;1;3;5;4;3;02/10/2015 14:55
MT430PN56168;10/02/2015;14:51:16;EIVDuring;15:03:42;15:02:42;54222;54162;2;2;control2;56457;00:00:56;Hope;Neutral;2;4;3;2;2;1;1;3;2;2;1;4;1;1;5;4;3;02/10/2015 15:02
MT430PN56168;10/02/2015;14:51:16;EIVDuring;15:25:33;15:24:33;55533;55473;3;3;control2;79377;00:01:19;Boredom;Neutral;2;3;3;2;2;2;1;4;3;2;2;3;1;3;5;3;3;02/10/2015 15:24
MT430PN56168;10/02/2015;14:51:16;EIVDuring;15:56:47;15:55:46;57407;57346;4;4;control2;73968;00:01:13;Neutral;Neutral;2;3;3;2;2;1;1;4;3;3;2;3;1;1;5;4;3;02/10/2015 15:55
MT430PN56168;10/02/2015;14:51:16;EIVDuring;16:27:39;16:26:39;59259;59199;5;5;control2;36296;00:00:36;Boredom;Neutral;2;2;3;2;1;1;1;5;2;1;1;2;1;1;5;3;3;02/10/2015 16:26
MT430PN56168;10/02/2015;14:51:16;EIVEnd;16:44:22;16:43:22;60262;60202;6;6;control2;42849;00:00:42;Neutral;Neutral;2;2;3;2;1;1;1;4;2;2;1;2;1;1;4;3;2;02/10/2015 16:43
MT430PN56169;20/02/2015;08:30:10;EIVStart;08:34:49;08:33:37;30889;30817;1;1;hyper3;86053;00:01:26;Neutral;Neutral;3;1;1;1;1;1;1;4;1;1;1;1;1;1;4;3;5;2/20/2015 8:33:00
MT430PN56169;20/02/2015;08:30:10;EIVDuring;08:43:33;08:42:21;31413;31341;2;2;hyper3;52098;00:00:52;Neutral;Neutral;1;1;1;1;1;1;1;3;1;1;1;1;1;1;4;3;5;2/20/2015 8:42:00
MT430PN56169;20/02/2015;08:30:10;EIVDuring;09:23:16;09:22:04;33796;33724;3;3;hyper3;52355;00:00:52;Neutral;Neutral;3;1;1;2;1;1;1;2;1;1;1;1;1;1;3;3;5;2/20/2015 9:22:00
MT430PN56169;20/02/2015;08:30:10;EIVDuring;09:54:03;09:52:51;35643;35571;4;4;hyper3;43541;00:00:43;Neutral;Neutral;3;1;1;1;3;1;1;1;1;1;1;1;1;1;3;3;5;2/20/2015 9:52:00
MT430PN56170;23/02/2015;11:52:55;EIVStart;11:57:37;11:56:21;43057;42981;1;1;control2;79550;00:01:19;Boredom;Neutral;2;3;2;4;3;1;1;4;1;2;1;1;1;1;5;3;5;2/23/2015 11:56:00
MT430PN56170;23/02/2015;11:52:55;EIVDuring;12:05:09;12:03:53;43509;43433;2;2;control2;54016;00:00:54;Boredom;Neutral;1;3;3;4;2;2;2;5;2;2;2;1;2;1;5;3;5;2/23/2015 12:03:00
MT430PN56170;23/02/2015;11:52:55;EIVDuring;12:26:13;12:24:56;44773;44696;3;3;control2;52609;00:00:52;Boredom;Neutral;1;3;3;3;1;1;1;5;1;1;1;1;1;1;5;3;5;2/23/2015 12:24:00
MT430PN56170;23/02/2015;11:52:55;EIVDuring;12:41:54;12:40:38;45714;45638;4;4;control2;48858;00:00:48;Boredom;Neutral;1;3;3;4;1;1;1;5;1;3;1;4;1;1;5;3;5;2/23/2015 12:40:00
MT430PN56170;23/02/2015;11:52:55;EIVDuring;12:58:31;12:57:14;46711;46634;5;5;control2;70900;00:01:10;Neutral;Neutral;3;3;3;3;1;1;1;3;1;1;1;4;1;1;5;4;5;2/23/2015 12:57:00
MT430PN56170;23/02/2015;11:52:55;EIVDuring;13:14:17;13:13:00;47657;47580;6;6;control2;43467;00:00:43;Curiosity;Neutral;3;3;3;1;1;1;1;5;1;1;1;4;1;1;5;4;5;2/23/2015 13:13:00
MT430PN56170;23/02/2015;11:52:55;EIVDuring;13:30:06;13:28:50;48606;48530;7;7;control2;51771;00:00:51;Boredom;Neutral;2;3;3;3;3;1;1;5;1;1;1;1;1;1;3;4;4;2/23/2015 13:28:00
MT430PN56170;23/02/2015;11:52:55;EIVEnd;13:47:08;13:45:52;49628;49552;8;8;control2;45284;00:00:45;Boredom;Neutral;2;3;3;1;1;1;1;5;1;1;1;3;1;1;5;5;5;2/23/2015 13:45:00
MT430PN56172;04/03/2015;10:28:07;EIVStart;10:32:39;10:31:14;37959;37874;1;1;hyper3;75541;00:01:15;Contempt;Neutral;3;3;3;2;4;2;2;4;3;4;2;2;2;2;4;2;2;03/04/2015 10:31
MT430PN56172;04/03/2015;10:28:07;EIVDuring;10:42:24;10:40:59;38544;38459;2;2;hyper3;69266;00:01:09;Frustration;Neutral;2;3;3;5;2;3;2;4;2;4;4;2;2;2;4;2;4;03/04/2015 10:40
MT430PN56172;04/03/2015;10:28:07;EIVEnd;12:53:43;12:52:19;46423;46339;3;3;hyper3;48619;00:00:48;Boredom;Neutral;1;2;2;3;1;2;3;5;2;4;3;2;2;2;4;1;2;03/04/2015 12:52
MT430PN56173;05/03/2015;10:09:06;EIVStart;10:14:33;10:13:09;36873;36789;1;1;hyper3;65315;00:01:05;Neutral;Neutral;3;3;3;1;1;1;1;2;1;1;1;3;1;1;5;2;3;03/05/2015 10:13
MT430PN56173;05/03/2015;10:09:06;EIVDuring;10:23:38;10:22:14;37418;37334;2;2;hyper3;44193;00:00:44;Neutral;Neutral;2;3;3;3;1;1;1;2;1;1;1;1;1;1;5;3;3;03/05/2015 10:22
MT430PN56173;05/03/2015;10:09:06;EIVDuring;10:49:43;10:48:18;38983;38898;3;3;hyper3;112981;00:01:52;Frustration;Neutral;3;3;2;4;1;1;1;3;1;1;1;3;1;1;4;2;4;03/05/2015 10:48
MT430PN56173;05/03/2015;10:09:06;EIVDuring;11:20:33;11:19:09;40833;40749;4;4;hyper3;38694;00:00:38;Frustration;Neutral;3;4;4;2;1;1;1;2;1;1;2;2;1;1;5;3;4;03/05/2015 11:19
MT430PN56173;05/03/2015;10:09:06;EIVDuring;11:37:37;11:36:13;41857;41773;5;5;hyper3;47759;00:00:47;Neutral;Neutral;3;4;3;3;1;1;1;2;1;1;2;1;1;1;3;3;4;03/05/2015 11:36
MT430PN56173;05/03/2015;10:09:06;EIVEnd;12:31:17;12:29:53;45077;44993;6;6;hyper3;64592;00:01:04;Boredom;Neutral;2;4;4;3;1;1;1;4;1;1;1;1;1;1;3;2;4;03/05/2015 12:29
MT430PN56174;06/03/2015;10:32:50;EIVStart;10:37:06;10:35:41;38226;38141;1;1;control2;66752;00:01:06;Neutral;Neutral;4;3;3;1;1;1;1;3;1;1;2;4;1;2;5;4;5;03/06/2015 10:35
MT430PN56174;06/03/2015;10:32:50;EIVDuring;10:43:34;10:42:09;38614;38529;2;2;control2;37092;00:00:37;Neutral;Neutral;3;3;3;1;1;1;1;3;1;1;1;3;1;3;5;4;5;03/06/2015 10:42
MT430PN56174;06/03/2015;10:32:50;EIVDuring;11:04:42;11:03:18;39882;39798;3;3;control2;37399;00:00:37;Boredom;Neutral;2;3;2;1;1;1;1;4;1;1;2;2;1;2;3;3;4;03/06/2015 11:03
MT430PN56174;06/03/2015;10:32:50;EIVDuring;11:20:22;11:18:58;40822;40738;4;4;control2;40130;00:00:40;Boredom;Neutral;2;2;2;1;1;1;1;4;1;1;2;3;1;1;2;3;4;03/06/2015 11:18
MT430PN56174;06/03/2015;10:32:50;EIVDuring;11:36:05;11:34:41;41765;41681;5;5;control2;42768;00:00:42;Boredom;Neutral;1;3;3;1;1;1;1;5;1;1;3;3;1;1;3;3;4;03/06/2015 11:34
MT430PN56174;06/03/2015;10:32:50;EIVDuring;12:06:38;12:05:14;43598;43514;6;6;control2;36787;00:00:36;Boredom;Neutral;3;4;3;1;1;1;1;4;2;1;2;3;1;1;3;3;4;03/06/2015 12:05
MT430PN56174;06/03/2015;10:32:50;EIVEnd;12:23:47;12:22:23;44627;44543;7;7;control2;48441;00:00:48;Boredom;Neutral;3;3;3;1;1;1;1;3;3;1;2;3;1;1;2;4;4;03/06/2015 12:22
MT430PN56177;20/03/2015;10:20:52;EIVStart;10:27:11;10:25:33;37631;37533;1;1;control2;121457;00:02:01;Hope;Neutral;3;4;4;1;1;1;1;1;2;3;1;4;1;1;2;3;3;3/20/2015 10:25:00
MT430PN56177;20/03/2015;10:20:52;EIVDuring;10:34:47;10:33:09;38087;37989;2;2;control2;56791;00:00:56;Neutral;Neutral;3;4;4;2;1;1;1;2;1;3;3;4;1;2;3;3;4;3/20/2015 10:33:00
MT430PN56177;20/03/2015;10:20:52;EIVDuring;10:56:11;10:54:33;39371;39273;3;3;control2;74071;00:01:14;Boredom;Neutral;2;3;3;3;1;2;1;4;3;3;3;4;1;1;3;3;3;3/20/2015 10:54:00
MT430PN56177;20/03/2015;10:20:52;EIVDuring;11:12:01;11:10:23;40321;40223;4;4;control2;48992;00:00:48;Boredom;Neutral;2;2;3;3;3;3;3;4;3;3;4;4;1;1;3;3;3;3/20/2015 11:10:00
MT430PN56177;20/03/2015;10:20:52;EIVDuring;11:43:29;11:41:51;42209;42111;5;5;control2;72855;00:01:12;Hope;Neutral;3;4;3;2;1;1;1;3;1;3;3;4;1;2;3;4;4;3/20/2015 11:41:00
MT430PN56177;20/03/2015;10:20:52;EIVEnd;12:15:41;12:14:03;44141;44043;6;6;control2;51984;00:00:51;Hope;Happiness;3;4;5;1;1;1;1;3;3;3;1;4;1;2;3;4;5;3/20/2015 12:14:00
