Participant ID,Scene,Absolute time,Relative time in session,Happy,Enjoyment,Hope,Pride,Anger,Frustration,Anxiety,Fear,Shame,Hopelessness,Boredom,Surprise,Contempt,Disgust,Confusion,Curiosity,Sadness,Eureka,Neutral,Task Value,Boredom Average,Curiosity Average
MT208PN41004,scene0,10:45:39,0:19:35.090,3,3,4,3,1,2,2,1,2,1,3,1,1,1,1,5,1,1,4,3,,
MT208PN41004,scene1,11:09:55,0:43:51.515,2,2,4,3,3,4,2,1,3,1,4,2,4,1,2,3,1,1,2,3,,
MT208PN41004,scene2,11:27:08,1:01:04.473,3,3,4,3,2,3,1,1,2,1,3,2,3,1,3,4,1,4,3,3,,
MT208PN41004,scene3,11:43:50,1:17:46.229,2,2,3,3,3,4,4,2,2,3,2,2,3,1,3,3,2,1,3,2,,
MT208PN41004,scene4,11:59:32,1:33:27.828,3,4,4,3,3,4,3,2,3,2,2,2,2,1,2,4,2,1,2,3,2.8,3.8
MT208PN41005,scene0,15:04:25,0:24:37.419,2,2,2,3,1,1,4,2,2,2,4,1,1,1,2,2,2,1,5,2,,
MT208PN41005,scene1,15:25:15,0:45:27.003,1,1,1,1,3,3,1,1,1,1,4,1,1,1,1,1,3,1,1,1,,
MT208PN41005,scene2,15:44:03,1:04:15.258,1,1,1,1,2,1,1,1,1,1,4,1,1,1,1,1,1,1,5,1,,
MT208PN41005,scene3,15:59:28,1:19:39.703,1,1,1,1,2,2,1,1,1,1,1,1,1,1,1,1,1,1,5,1,,
MT208PN41005,scene4,16:15:06,1:35:18.208,1,1,1,1,2,2,1,1,1,1,5,1,1,1,1,1,1,1,1,1,3.6,1.2
MT208PN41006,scene0,9:54:54,0:19:21.094,3,3,3,2,1,2,1,1,1,1,2,1,3,1,1,2,1,1,4,3,,
MT208PN41006,scene1,10:25:39,0:50:06.397,3,3,3,3,1,1,1,1,1,1,2,1,3,1,1,2,1,1,3,3,,
MT208PN41006,scene2,10:37:44,1:02:10.806,3,3,3,3,1,3,1,1,1,1,3,1,3,1,1,2,1,1,3,3,,
MT208PN41006,scene3,10:54:32,1:18:59.079,3,3,3,3,3,2,1,1,1,1,3,1,3,1,1,3,1,1,3,3,,
MT208PN41006,scene4,11:10:14,1:34:41.412,3,2,3,3,1,3,3,1,1,1,2,1,2,1,1,2,1,1,3,3,2.4,2.2
MT208PN41007,scene0,15:15:37,0:28:33.897,3,5,4,2,1,2,5,2,5,4,2,2,2,1,5,5,1,1,2,3,,
MT208PN41007,scene1,15:38:40,0:51:37.002,5,4,5,2,1,2,5,2,3,2,1,3,1,1,3,4,1,1,3,4,,
MT208PN41007,scene2,16:03:16,1:10:07.978,3,2,1,1,2,4,5,3,5,5,2,1,1,1,4,3,1,2,3,3,,
MT208PN41007,scene3,16:19:00,1:25:34.172,3,3,4,2,1,2,4,1,4,3,1,1,2,1,2,4,1,1,3,4,,
MT208PN41007,scene4,16:35:06,1:41:39.903,3,1,2,1,1,2,5,3,5,5,1,2,1,1,3,3,1,1,3,3,1.4,3.8
MT208PN41008,scene0,13:56:52,0:18:51.504,4,4,4,4,1,1,1,1,1,1,2,2,1,1,1,4,1,1,4,4,,
MT208PN41008,scene1,14:20:10,0:42:09.598,3,4,2,3,3,1,2,1,2,1,1,5,1,1,1,1,1,1,2,5,,
MT208PN41008,scene2,14:38:24,1:00:23.410,4,4,4,4,1,1,1,1,1,1,1,2,1,1,1,1,1,1,3,5,,
MT208PN41008,scene3,14:55:41,1:17:40.510,3,4,4,4,2,4,1,1,1,1,1,2,2,1,1,1,1,1,1,5,,
MT208PN41008,scene4,15:11:38,1:33:38.119,4,4,4,4,1,1,1,1,1,1,1,1,1,1,1,4,1,1,3,5,1.2,2.2
MT208PN41009,scene0,9:31:49,0:18:28.459,4,5,4,3,1,2,4,1,2,1,1,3,1,1,2,4,1,3,2,4,,
MT208PN41009,scene1,9:57:33,0:44:12.123,4,4,3,3,1,2,3,2,2,2,1,3,1,1,3,4,2,4,1,4,,
MT208PN41009,scene2,10:17:57,1:04:36.371,4,4,3,3,1,1,3,1,2,2,2,3,1,1,2,4,1,3,1,4,,
MT208PN41009,scene3,10:34:14,1:20:53.402,3,3,4,3,4,2,2,1,1,3,3,2,2,1,2,3,1,2,1,4,,
MT208PN41009,scene4,10:50:36,1:37:15.461,4,3,3,3,3,3,2,2,1,2,1,2,2,2,1,3,3,2,1,4,1.6,3.6
MT208PN41010,scene0,9:35:49,0:15:44.872,3,4,3,3,2,2,3,1,1,1,4,3,1,1,3,3,1,2,5,4,,
MT208PN41010,scene1,9:57:21,0:37:16.990,3,4,4,3,2,4,2,2,2,2,2,2,2,2,4,5,2,4,4,4,,
MT208PN41010,scene2,10:19:38,0:59:34.270,3,3,4,3,2,2,2,2,2,2,3,2,2,1,4,4,1,3,4,3,,
MT208PN41010,scene3,10:40:36,1:20:32.399,4,4,4,4,1,1,2,1,1,2,1,3,3,1,2,5,1,4,3,4,,
MT208PN41010,scene4,10:56:33,1:36:28.831,3,3,3,4,2,4,4,1,1,3,1,1,1,1,1,1,1,4,3,4,2.2,3.6
MT208PN41011,scene0,15:32:48,0:17:03.961,3,2,4,2,1,1,1,1,1,1,3,2,1,1,1,1,1,1,5,4,,
MT208PN41011,scene1,15:54:15,0:38:30.943,1,4,3,2,1,1,1,1,1,1,4,3,2,1,1,2,1,2,4,3,,
MT208PN41011,scene2,16:14:07,0:58:23.402,1,1,3,2,2,1,1,1,1,1,1,1,1,1,1,3,1,1,3,3,,
MT208PN41011,scene3,16:30:45,1:15:01.035,1,1,3,3,1,1,1,1,1,3,2,2,1,1,1,3,1,1,5,3,,
MT208PN41011,scene4,16:46:46,1:31:02.463,5,4,3,2,1,1,3,1,1,1,3,1,1,1,1,2,1,1,5,3,2.6,2.2
MT208PN41012,scene0,14:22:06,0:14:20.030,3,3,3,3,2,2,2,2,2,3,4,2,3,2,2,2,2,2,5,3,,
MT208PN41012,scene1,14:44:59,0:37:12.923,3,3,3,3,2,2,2,2,2,2,3,2,3,2,2,3,2,2,5,3,,
MT208PN41012,scene2,15:02:53,0:55:06.355,3,3,3,3,2,2,2,2,2,2,2,2,3,2,2,3,2,2,5,3,,
MT208PN41012,scene3,15:19:17,1:10:38.424,3,3,3,3,2,2,2,2,2,2,2,2,3,2,2,3,2,2,4,3,,
MT208PN41012,scene4,15:34:59,1:26:20.831,3,3,3,3,2,2,2,2,2,2,2,2,3,2,2,3,2,2,4,4,2.6,2.8
MT208PN41013,scene0,13:39:10,0:17:43.605,4,4,3,3,1,1,2,2,1,1,2,1,1,1,2,3,1,2,3,2,,
MT208PN41013,scene1,14:02:21,0:40:54.646,4,3,3,3,1,1,1,1,1,1,2,2,1,1,1,2,1,1,3,2,,
MT208PN41013,scene2,14:20:43,0:59:17.108,4,3,3,3,1,1,1,1,1,1,2,1,1,1,1,2,1,1,3,2,,
MT208PN41013,scene3,14:43:35,1:22:08.731,2,2,2,2,3,4,2,1,1,1,2,1,3,1,2,1,1,1,1,1,,
MT208PN41013,scene4,14:55:57,1:34:30.784,2,2,2,2,1,3,2,1,1,1,1,1,1,1,1,1,1,1,2,2,1.8,1.8
MT208PN41015,scene0,11:30:41,0:14:42.435,3,2,5,3,3,4,4,1,2,3,2,2,3,2,2,4,2,4,3,3,,
MT208PN41015,scene1,11:51:44,0:35:45.366,3,4,4,3,2,2,3,2,1,1,3,4,2,2,2,4,2,2,3,3,,
MT208PN41015,scene2,12:09:58,0:53:59.241,2,2,2,2,2,3,3,1,2,2,2,2,2,2,3,2,2,1,4,3,,
MT208PN41015,scene3,12:25:26,1:09:27.437,2,2,2,2,2,4,4,2,3,2,5,2,3,2,3,2,2,1,2,1,,
MT208PN41015,scene4,12:41:13,1:25:14.276,4,2,2,2,3,2,4,2,1,2,5,3,3,2,3,1,1,1,2,3,3.4,2.6
MT208PN41016,scene0,14:24:19,0:14:05.473,3,3,5,3,1,1,2,1,1,1,1,1,1,1,2,4,1,1,5,2,,
MT208PN41016,scene1,14:45:43,0:35:29.790,3,3,4,1,1,1,1,1,1,1,2,1,1,1,1,4,1,3,4,3,,
MT208PN41016,scene2,15:04:02,0:53:48.208,3,3,4,1,1,1,3,1,1,1,2,1,1,1,1,4,1,1,3,4,,
MT208PN41016,scene3,15:19:36,1:09:22.330,3,4,4,2,1,1,1,1,1,1,1,4,1,1,1,5,1,1,4,5,,
MT208PN41016,scene4,15:35:30,1:25:16.795,3,3,3,1,1,1,4,1,1,1,1,1,1,1,4,5,1,1,4,4,1.4,4.4
MT208PN41017,scene0,9:47:02,0:22:26.056,2,3,4,2,1,1,2,1,3,1,1,3,2,1,1,3,1,1,5,4,,
MT208PN41017,scene1,10:10:32,0:45:56.132,3,3,3,3,1,1,1,1,1,1,1,1,1,1,2,3,1,1,5,4,,
MT208PN41017,scene2,10:34:42,1:10:06.498,3,3,3,3,1,1,1,1,1,1,2,1,1,1,1,2,1,1,5,4,,
MT208PN41017,scene3,10:50:52,1:26:16.779,3,3,3,3,1,1,1,1,1,1,2,1,1,1,1,2,1,1,5,4,,
MT208PN41017,scene4,11:07:01,1:42:25.460,3,3,3,1,1,1,2,1,1,1,2,1,1,1,1,2,1,1,5,4,1.6,2.4
MT208PN41018,scene0,14:31:27,0:15:14.975,4,3,4,4,1,1,1,1,1,1,1,3,4,1,1,4,1,4,3,5,,
MT208PN41018,scene1,14:54:49,0:38:36.500,4,4,4,4,1,1,1,1,1,1,1,4,1,1,1,5,1,4,3,5,,
MT208PN41018,scene2,15:25:15,1:09:02.542,4,4,4,4,1,1,1,1,1,1,1,4,1,1,3,4,1,4,3,5,,
MT208PN41018,scene3,15:31:55,1:15:43.060,4,4,4,4,1,1,1,1,1,1,1,1,1,1,1,4,1,4,3,5,,
MT208PN41018,scene4,15:48:19,1:32:06.923,4,4,4,4,1,1,1,1,1,1,1,1,1,1,1,4,1,4,3,5,1,4.2
MT208PN41019,scene0,14:26:15,0:15:17.287,4,4,4,4,1,1,1,1,1,1,1,1,1,1,1,4,1,1,3,4,,
MT208PN41019,scene1,14:51:42,0:40:43.860,4,3,4,4,1,1,1,1,1,1,2,1,1,1,1,3,1,1,4,3,,
MT208PN41019,scene2,15:10:36,0:59:38.226,3,3,3,3,1,2,1,1,1,1,3,1,1,1,1,3,1,1,3,3,,
MT208PN41019,scene3,15:25:30,1:14:31.904,3,3,3,3,3,4,1,1,1,1,4,1,1,1,1,3,1,1,3,3,,
MT208PN41019,scene4,15:41:59,1:31:01.296,3,3,3,2,1,2,1,1,2,1,4,4,1,1,1,1,2,1,3,3,2.8,2.8
MT208PN41020,scene0,11:31:32,0:17:03.013,3,4,5,3,1,1,2,2,2,1,2,1,1,1,1,4,1,1,5,3,,
MT208PN41020,scene1,11:54:56,0:40:26.651,4,4,4,5,2,2,4,2,1,1,2,2,1,1,2,4,3,2,4,4,,
MT208PN41020,scene2,12:13:29,0:58:59.814,3,4,3,4,4,5,4,2,1,2,2,1,1,1,2,3,2,2,4,3,,
MT208PN41020,scene3,12:30:16,1:15:46.607,3,4,3,4,4,5,4,2,1,2,2,1,1,1,2,3,2,2,4,3,,
MT208PN41020,scene4,12:46:14,1:31:44.801,2,2,3,3,4,4,4,2,4,2,2,1,1,1,1,3,4,2,2,3,2,3.4
MT208PN41022,scene0,14:03:29,0:16:24.323,3,3,3,3,1,1,1,1,1,1,3,2,1,1,1,4,1,1,3,4,,
MT208PN41022,scene1,14:27:09,0:40:04.781,3,3,3,3,3,3,3,1,1,1,4,4,1,1,3,2,1,1,2,2,,
MT208PN41022,scene2,14:51:07,1:04:02.852,3,3,3,2,1,1,1,1,1,1,2,1,1,1,2,4,1,1,5,3,,
MT208PN41022,scene3,15:06:40,1:19:35.402,3,3,3,2,3,3,1,1,1,1,3,1,1,1,1,4,1,1,5,3,,
MT208PN41022,scene4,15:23:32,1:36:27.926,2,2,2,2,1,1,1,1,1,1,2,1,1,1,1,3,1,1,3,3,2.8,3.4
MT208PN41023,scene0,14:25:25,0:15:36.594,3,4,3,3,1,1,1,1,1,1,2,1,1,1,2,4,1,2,4,5,,
MT208PN41023,scene1,14:46:33,0:36:44.564,3,3,3,3,1,1,1,1,1,1,2,1,1,1,2,4,1,1,5,4,,
MT208PN41023,scene2,15:07:48,0:57:59.845,2,2,3,3,1,2,3,1,1,1,3,1,1,1,4,3,2,2,4,3,,
MT208PN41023,scene3,15:23:37,1:13:48.668,3,3,4,3,1,2,3,1,1,2,4,1,2,1,2,4,1,2,4,3,,
MT208PN41023,scene4,15:39:31,1:29:42.705,4,3,3,3,1,1,1,1,1,1,2,3,1,1,2,3,1,3,5,3,2.6,3.6
MT208PN41024,scene0,11:06:16,0:19:06.252,3,2,3,4,1,4,3,3,3,4,4,3,1,1,3,2,1,3,5,2,,
MT208PN41024,scene1,11:28:12,0:41:02.728,3,4,3,4,2,4,1,1,1,1,4,4,1,1,3,4,2,1,5,3,,
MT208PN41024,scene2,11:49:57,1:02:47.488,2,3,1,1,1,2,1,1,1,1,4,1,1,1,1,2,1,1,5,3,,
MT208PN41024,scene3,12:09:03,1:21:53.379,1,2,1,1,1,3,1,1,1,1,5,1,1,1,1,4,1,1,5,2,,
MT208PN41024,scene4,12:20:44,1:33:33.924,1,1,1,3,1,1,1,1,1,1,3,1,1,1,1,1,1,1,5,3,4,2.6
MT208PN41027,scene0,12:29:35,0:20:08.063,3,5,4,3,1,1,4,1,1,1,1,1,1,1,1,5,1,2,5,5,,
MT208PN41027,scene1,12:50:42,0:41:15.009,3,5,3,2,1,2,5,1,2,3,1,1,1,1,2,5,1,4,2,5,,
MT208PN41027,scene2,13:09:55,1:00:28.243,3,3,3,3,1,1,5,1,1,2,1,1,1,1,2,5,1,4,5,5,,
MT208PN41027,scene3,13:26:03,1:16:36.797,3,3,2,2,1,1,5,1,1,2,1,2,1,1,2,4,1,2,4,5,,
MT208PN41027,scene4,13:41:59,1:32:32.082,2,3,2,1,1,4,3,1,3,1,1,2,1,2,2,3,3,3,3,5,1,4.4
MT208PN41028,scene0,9:36:33,0:14:48.671,3,3,3,3,1,1,4,1,1,2,2,2,1,1,3,4,2,2,4,4,,
MT208PN41028,scene1,9:59:11,0:37:26.379,3,3,3,3,1,1,4,1,1,1,3,2,2,1,4,1,1,1,3,3,,
MT208PN41028,scene2,10:16:58,0:55:14.112,3,4,3,3,1,1,4,1,1,1,1,1,1,1,3,4,1,2,3,4,,
MT208PN41028,scene3,10:32:48,1:11:03.887,3,3,3,3,1,1,3,1,1,1,1,1,1,1,3,3,1,1,3,3,,
MT208PN41028,scene4,10:48:38,1:26:53.859,3,3,3,3,1,1,4,1,1,1,1,1,1,1,4,3,1,1,3,3,1.6,3
MT208PN41029,scene0,9:40:05,0:20:02.827,4,4,5,3,1,1,3,2,1,1,1,4,3,1,1,5,1,3,3,5,,
MT208PN41029,scene1,10:01:15,0:41:12.261,4,5,5,4,1,1,3,2,2,1,1,4,3,1,3,5,1,4,3,5,,
MT208PN41029,scene2,10:19:31,0:59:28.722,4,5,3,3,1,1,4,1,3,1,1,4,2,1,3,5,2,3,2,5,,
MT208PN41029,scene3,10:35:24,1:15:22.029,3,4,1,2,1,2,5,2,4,3,1,2,3,1,1,5,3,3,2,5,,
MT208PN41029,scene4,10:51:40,1:31:37.837,2,3,1,1,1,2,5,3,3,2,1,1,2,1,1,5,4,2,2,5,1,5
MT208PN41030,scene0,10:15:43,0:18:58.081,2,2,4,4,1,1,2,1,2,1,4,1,1,1,1,4,1,1,2,4,,
MT208PN41030,scene1,10:38:36,0:41:51.445,2,4,5,4,1,3,2,1,1,1,4,4,1,2,1,4,1,1,4,4,,
MT208PN41030,scene2,11:03:24,1:06:39.580,2,4,2,2,1,2,4,1,1,1,5,1,1,1,3,4,1,1,1,4,,
MT208PN41030,scene3,11:21:32,1:24:47.304,1,1,1,1,1,4,4,1,1,1,2,3,2,1,1,2,1,1,3,4,,
MT208PN41030,scene4,11:38:28,1:41:43.422,1,4,1,1,1,1,5,3,2,2,1,1,1,3,1,4,1,1,2,4,3.2,3.6
MT208PN41032,scene0,12:01:35,0:20:31.056,2,3,4,1,1,5,5,1,5,1,1,1,1,1,1,4,1,1,1,5,,
MT208PN41032,scene1,12:32:22,0:51:17.505,3,3,3,3,1,3,3,3,3,3,1,1,3,1,3,4,1,1,4,5,,
MT208PN41032,scene2,12:43:49,1:02:44.927,3,3,3,3,1,1,4,1,1,1,1,1,4,1,1,4,1,1,2,4,,
MT208PN41032,scene3,13:00:03,1:18:58.944,4,4,3,4,1,1,4,1,1,1,1,1,4,1,1,4,1,1,1,5,,
MT208PN41032,scene4,13:16:15,1:35:10.290,4,4,1,4,1,1,3,1,1,1,1,1,4,4,1,1,1,1,2,5,1,3.4
MT208PN41033,scene0,14:30:48,0:15:53.046,3,2,3,4,2,2,4,2,1,1,4,1,1,1,3,2,1,1,5,3,,
MT208PN41033,scene1,14:55:33,0:40:38.796,3,2,3,3,2,2,3,2,1,1,3,1,1,1,3,3,1,1,5,4,,
MT208PN41033,scene2,15:13:58,0:59:03.155,3,3,3,3,2,1,2,1,1,1,4,1,1,1,2,3,1,1,4,3,,
MT208PN41033,scene3,15:30:47,1:15:52.282,2,2,2,2,1,1,2,1,1,1,2,1,1,1,1,1,1,1,4,3,,
MT208PN41033,scene4,15:45:37,1:30:41.912,3,3,2,2,1,1,1,1,1,1,3,1,1,1,3,4,1,1,3,4,3.2,2.6
MT208PN41035,scene0,12:28:22,0:15:00.566,4,3,3,2,1,1,3,1,1,1,3,1,2,1,2,4,1,1,4,3,,
MT208PN41035,scene1,12:52:06,0:38:45.476,3,2,3,3,3,4,4,2,1,1,4,1,4,2,3,2,2,3,3,2,,
MT208PN41035,scene2,13:11:54,0:58:32.612,2,1,2,2,4,4,3,1,1,2,5,1,5,3,2,1,3,2,3,2,,
MT208PN41035,scene3,13:29:21,1:15:59.624,2,2,3,3,4,4,3,1,1,2,5,2,4,3,2,2,3,3,4,4,,
MT208PN41035,scene4,13:44:45,1:31:24.230,2,2,2,3,3,4,3,1,1,2,5,1,4,3,3,2,2,2,4,4,4.4,2.2
MT208PN41036,scene0,15:33:35,0:15:42.042,3,3,3,3,1,1,1,1,1,1,1,1,1,1,1,3,1,1,4,3,,
MT208PN41036,scene1,15:54:36,0:36:43.226,3,3,3,3,1,1,1,1,1,1,2,1,1,1,1,3,1,1,4,3,,
MT208PN41036,scene2,16:13:02,0:55:09.254,4,4,3,3,1,1,1,1,1,1,1,1,1,1,1,2,1,1,4,3,,
MT208PN41036,scene3,16:28:28,1:10:34.965,4,2,3,2,1,1,1,1,1,1,1,1,1,1,1,2,1,1,4,3,,
MT208PN41036,scene4,16:44:22,1:26:28.867,4,3,3,2,1,1,1,1,1,1,2,1,1,1,1,2,1,1,4,2,1.4,2.4
MT208PN41037,scene0,11:01:57,0:17:57.275,2,2,3,1,1,1,3,1,4,3,3,3,1,1,2,4,2,1,5,4,,
MT208PN41037,scene1,11:25:56,0:41:56.016,2,2,2,2,1,1,4,1,3,2,3,3,1,1,3,4,2,1,3,4,,
MT208PN41037,scene2,11:46:31,1:02:31.394,2,2,2,2,2,2,2,2,2,2,2,3,1,1,2,4,2,1,3,4,,
MT208PN41037,scene3,12:03:13,1:19:12.936,2,2,2,2,2,2,2,2,2,2,3,2,1,1,2,3,2,1,3,4,,
MT208PN41037,scene4,12:19:38,1:35:37.874,2,2,3,2,1,1,1,2,1,1,3,2,1,1,2,4,2,1,3,4,2.8,3.8
MT208PN41038,scene0,11:27:48,0:16:23.620,3,3,3,3,1,2,1,1,1,1,2,3,1,1,1,2,1,1,4,4,,
MT208PN41038,scene1,11:49:24,0:37:59.146,4,2,3,3,2,1,1,1,1,1,2,3,1,1,1,1,1,1,3,2,,
MT208PN41038,scene2,12:11:07,0:59:42.286,4,3,3,3,1,2,1,1,1,1,2,1,1,1,1,1,1,1,3,2,,
MT208PN41038,scene3,12:30:13,1:18:48.481,4,2,3,3,2,2,1,1,1,1,3,1,1,1,1,1,1,1,3,2,,
MT208PN41038,scene4,12:46:28,1:35:03.839,3,2,3,3,1,1,1,1,1,1,2,1,1,1,1,1,1,1,3,2,2.2,1.2
MT208PN41039,scene0,14:30:57,0:18:50.149,3,2,4,2,1,3,4,1,3,1,1,2,1,1,2,4,1,1,5,5,,
MT208PN41039,scene1,14:52:55,0:40:47.726,1,2,3,1,1,2,5,1,2,3,1,1,1,1,3,2,1,1,1,5,,
MT208PN41039,scene2,15:14:53,1:02:45.786,1,1,1,1,1,5,5,5,5,5,3,1,1,1,3,1,1,1,1,5,,
MT208PN41039,scene3,15:33:42,1:21:34.878,2,3,2,1,1,4,5,1,1,2,1,1,1,1,3,3,1,1,3,5,,
MT208PN41039,scene4,15:50:51,1:38:44.232,2,3,3,2,1,1,4,1,3,1,1,1,1,1,1,3,1,1,3,5,1.4,2.6
MT208PN41040,scene0,13:00:58,0:16:22.752,2,2,3,2,2,4,2,1,3,1,4,4,2,1,4,1,1,1,4,3,,
MT208PN41040,scene1,13:24:01,0:39:25.800,1,1,2,2,4,4,3,1,4,1,5,1,4,1,1,1,1,1,2,2,,
MT208PN41040,scene2,13:43:48,0:59:12.938,1,1,2,2,3,4,2,1,4,1,4,1,4,1,2,2,1,1,2,4,,
MT208PN41040,scene3,13:59:34,1:14:59.289,1,1,2,2,2,4,2,1,3,1,4,1,4,1,2,2,1,1,3,4,,
MT208PN41040,scene4,14:17:30,1:32:54.665,2,2,2,3,1,4,1,1,1,1,4,1,4,1,1,4,1,1,4,4,4.2,2
MT208PN41041,scene0,9:34:46,0:17:18.473,2,1,3,2,3,5,3,2,2,2,5,1,3,2,3,1,1,1,2,2,,
MT208PN41041,scene1,9:56:12,0:38:44.482,1,1,2,2,4,4,3,1,2,2,4,1,3,1,2,2,1,2,3,2,,
MT208PN41041,scene2,10:19:40,1:02:12.073,2,1,3,1,3,4,3,1,1,2,5,1,3,1,3,2,1,2,3,1,,
MT208PN41041,scene3,10:33:54,1:16:26.135,2,2,3,1,3,3,3,1,1,2,4,1,3,1,3,2,1,2,4,2,,
MT208PN41041,scene4,10:50:05,1:32:36.844,3,2,3,2,3,3,3,1,1,1,3,1,2,3,2,2,1,2,4,3,4.2,1.8
MT208PN41042,scene0,14:54:19,0:15:39.989,3,3,4,2,1,1,3,1,1,1,2,3,1,1,2,4,1,1,5,4,,
MT208PN41042,scene1,15:16:03,0:37:23.799,3,4,4,4,1,1,2,1,1,1,2,2,1,1,1,4,1,1,4,4,,
MT208PN41042,scene2,15:39:59,1:01:20.631,3,2,3,3,1,2,1,1,3,2,3,2,2,1,3,4,1,1,3,3,,
MT208PN41042,scene3,15:55:54,1:17:15.139,3,3,4,4,1,2,2,1,2,1,3,2,3,1,1,4,1,1,3,4,,
MT208PN41042,scene4,16:12:08,1:33:29.188,3,3,2,4,1,1,1,1,2,1,3,3,2,1,1,4,1,1,4,3,2.6,4
MT208PN41043,scene0,14:34:08,0:15:16.139,2,2,2,1,4,5,1,1,1,3,3,4,4,1,3,3,1,1,2,2,,
MT208PN41043,scene1,14:57:43,0:38:51.067,1,1,1,1,4,4,1,1,3,5,3,3,1,1,5,2,1,1,1,2,,
MT208PN41043,scene2,15:18:41,0:59:49.731,1,1,1,1,3,5,3,1,3,5,5,1,1,1,5,1,1,1,1,1,,
MT208PN41043,scene3,15:37:11,1:18:19.551,5,1,1,1,2,5,1,1,4,4,5,1,1,1,4,1,1,1,1,1,,
MT208PN41043,scene4,15:53:20,1:34:27.948,1,1,1,1,4,4,1,1,4,5,5,1,1,1,4,1,3,1,1,1,4.2,1.6
MT208PN41044,scene0,10:58:24,0:16:15.995,4,3,3,4,1,1,2,1,2,1,3,1,1,1,2,5,1,2,5,3,,
MT208PN41044,scene1,11:19:47,0:37:38.230,3,2,3,3,3,2,1,2,3,1,4,1,1,1,1,4,1,2,3,3,,
MT208PN41044,scene2,11:41:00,0:58:51.710,3,3,3,3,1,1,1,1,1,2,5,1,1,1,1,3,1,1,3,3,,
MT208PN41044,scene3,11:58:19,1:16:10.471,4,4,3,4,1,1,1,1,1,1,4,1,1,1,2,3,1,1,3,3,,
MT208PN41044,scene4,12:13:11,1:31:02.117,3,3,3,3,1,1,1,1,1,3,5,3,1,1,1,4,1,1,3,4,4.2,3.8
MT208PN41045,scene0,12:26:19,0:13:09.266,3,3,4,3,3,1,3,3,1,1,3,1,1,1,1,3,1,1,5,3,,
MT208PN41045,scene1,12:52:56,0:39:46.164,3,3,4,1,1,1,1,1,1,1,4,1,1,1,1,2,1,1,5,3,,
MT208PN41045,scene2,13:11:15,0:58:04.977,3,3,3,3,1,1,1,1,1,3,4,1,1,1,1,1,1,1,5,2,,
MT208PN41045,scene3,13:29:38,1:16:28.291,3,3,3,3,1,1,1,1,1,1,4,1,1,1,1,2,1,1,5,4,,
MT208PN41045,scene4,13:46:24,1:33:14.798,3,3,3,3,1,1,1,1,1,1,4,3,1,1,1,1,1,1,5,2,3.8,1.8
MT208PN41047,scene0,15:37:44,0:14:34.409,4,4,4,3,1,1,2,2,1,1,2,1,1,1,1,3,1,1,3,4,,
MT208PN41047,scene1,16:01:09,0:37:58.960,4,4,3,3,1,1,2,1,1,1,1,1,1,1,1,3,1,2,2,4,,
MT208PN41047,scene2,16:16:32,0:53:22.500,4,3,2,4,1,1,2,1,1,1,2,1,1,1,1,2,1,2,2,5,,
MT208PN41047,scene3,16:32:01,1:08:51.010,4,2,2,4,2,1,2,1,1,1,2,1,1,1,1,1,1,2,2,4,,
MT208PN41047,scene4,16:46:47,1:23:36.764,4,3,2,2,1,1,2,1,1,1,3,3,1,1,1,3,1,1,3,4,2,2.4
MT208PN41048,scene0,11:21:17,0:34:35.705,2,3,2,1,4,5,2,1,1,2,4,4,5,3,4,2,3,4,4,1,,
MT208PN41048,scene1,11:45:26,0:58:44.680,3,4,3,4,3,4,2,1,1,1,3,4,3,1,2,3,1,1,3,3,,
MT208PN41048,scene2,12:06:25,1:19:43.886,3,4,3,5,3,4,3,1,1,1,3,4,3,1,1,3,1,2,2,3,,
MT208PN41048,scene3,12:23:51,1:37:09.966,2,3,3,4,4,4,2,1,1,1,4,4,4,1,1,2,1,1,2,2,,
MT208PN41048,scene4,12:50:56,2:04:14.597,-1,-1,-1,-1,-1,-1,-1,-1,-1,-1,-1,-1,-1,-1,-1,-1,-1,-1,-1,-1,2.6,1.8
MT208PN41049,scene0,15:17:41,0:09:43.723,3,2,3,3,1,1,4,1,1,1,2,1,1,1,3,4,1,1,4,3,,
MT208PN41049,scene1,15:38:43,0:30:45.949,3,1,2,2,3,3,3,1,1,1,4,1,1,1,3,4,1,1,3,3,,
MT208PN41049,scene2,15:58:22,0:50:24.660,2,1,1,1,4,4,3,1,1,2,4,1,1,1,2,1,1,1,3,2,,
MT208PN41049,scene3,16:15:29,1:07:32.063,1,1,1,3,3,3,1,1,1,1,5,1,1,1,1,1,1,1,3,1,,
MT208PN41049,scene4,16:31:05,1:23:07.170,1,1,1,1,1,1,1,1,1,1,5,1,1,1,1,1,1,1,5,1,4,2.2
MT208PN41050,scene0,15:12:44,0:16:13.207,3,4,4,3,2,4,2,1,1,1,1,1,1,1,1,4,1,1,4,3,,
MT208PN41050,scene1,15:34:25,0:37:54.329,2,4,1,3,1,1,3,1,1,1,2,1,1,1,1,4,1,1,2,3,,
MT208PN41050,scene2,15:54:28,0:57:57.400,1,3,1,2,1,1,1,1,1,1,1,1,1,1,1,3,1,1,3,3,,
MT208PN41050,scene3,16:12:11,1:15:40.973,2,2,1,1,1,2,1,1,1,1,1,1,1,1,1,3,1,1,3,3,,
MT208PN41050,scene4,16:28:17,1:31:47.078,1,2,1,2,1,1,2,1,1,1,1,1,1,1,1,3,1,1,5,3,1.2,3.4
MT208PN41051,scene0,11:58:31,0:17:38.031,1,1,3,1,1,2,3,1,1,2,4,1,1,1,1,3,1,1,1,3,,
MT208PN41051,scene1,12:24:34,0:43:40.953,2,2,2,2,1,2,3,1,1,1,3,1,1,1,1,1,1,1,1,4,,
MT208PN41051,scene2,12:39:42,0:58:49.154,1,1,2,3,2,2,2,1,1,1,5,1,2,1,1,3,1,1,1,2,,
MT208PN41051,scene3,12:55:46,1:14:53.266,4,3,4,3,1,1,1,1,1,1,2,2,1,1,1,3,1,1,1,4,,
MT208PN41051,scene4,13:10:51,1:29:57.999,3,1,1,3,1,2,2,1,1,1,2,2,1,1,1,4,1,1,1,4,3.2,2.8
MT208PN41052,scene0,15:01:17,0:20:30.603,3,3,4,3,1,2,1,1,1,1,2,4,1,1,1,3,1,1,5,4,,
MT208PN41052,scene1,15:22:12,0:41:26.093,3,3,3,3,1,1,1,1,1,1,3,1,1,1,1,3,1,1,1,3,,
MT208PN41052,scene2,15:41:02,1:00:15.679,3,3,3,3,1,1,1,1,1,1,3,1,1,1,1,3,1,1,5,3,,
MT208PN41052,scene3,15:56:34,1:15:47.559,3,3,3,2,1,1,2,1,1,1,3,1,1,1,1,2,1,1,5,3,,
MT208PN41052,scene4,16:12:20,1:31:34.002,3,3,3,3,1,1,1,1,1,1,3,1,1,1,1,1,1,1,4,3,2.8,2.4
MT208PN41053,scene0,15:51:45,0:16:55.632,3,3,1,1,3,3,3,1,1,1,4,1,2,1,1,2,1,1,1,4,,
MT208PN41053,scene1,16:22:36,0:47:46.985,1,1,1,1,4,4,3,1,1,1,5,1,1,1,2,2,1,1,1,4,,
MT208PN41053,scene2,16:34:03,0:59:14.136,1,1,1,1,5,5,2,1,1,1,4,1,1,1,1,2,1,1,1,2,,
MT208PN41053,scene3,16:51:45,1:16:55.695,1,1,1,1,3,4,2,1,1,1,4,1,1,1,2,2,1,1,1,4,,
MT208PN41053,scene4,17:09:38,1:34:48.964,3,3,3,4,1,2,1,1,1,1,4,2,3,1,1,4,1,1,1,4,4.2,2.4
MT208PN41054,scene0,13:50:21,0:14:49.646,4,3,5,2,1,2,3,1,1,1,2,1,1,1,1,5,1,1,5,4,,
MT208PN41054,scene1,14:13:19,0:37:47.370,3,2,4,2,1,1,2,1,1,1,3,1,2,1,1,4,1,3,2,4,,
MT208PN41054,scene2,14:31:50,0:56:19.049,3,3,4,2,1,2,1,1,1,1,1,1,3,1,1,4,1,2,4,4,,
MT208PN41054,scene3,14:47:29,1:11:57.518,3,3,4,3,1,1,1,1,1,1,1,1,3,1,1,4,1,3,3,4,,
MT208PN41054,scene4,15:04:08,1:28:36.942,2,3,2,2,1,3,1,1,1,1,3,1,2,1,1,3,2,1,2,4,2,4
MT208PN41055,scene0,11:16:33,0:13:29.502,2,4,3,2,3,1,1,1,1,2,3,2,3,1,4,5,1,2,3,4,,
MT208PN41055,scene1,11:39:37,0:36:33.499,2,1,1,2,3,5,1,1,1,3,4,2,3,2,5,2,4,2,4,3,,
MT208PN41055,scene2,12:02:22,0:59:18.169,2,2,2,2,4,5,4,1,1,5,5,1,5,3,2,1,1,1,1,1,,
MT208PN41055,scene3,12:18:03,1:14:59.484,1,1,1,1,5,5,1,1,1,5,5,1,5,4,1,1,1,1,3,1,,
MT208PN41055,scene4,12:34:09,1:31:05.193,1,1,1,1,4,5,1,1,1,5,5,1,5,1,1,1,1,1,1,1,4.4,2
MT208PN41056,scene0,10:54:44,0:15:22.506,2,2,3,1,1,2,3,2,1,1,3,1,1,1,3,2,1,1,3,5,,
MT208PN41056,scene1,11:19:18,0:39:56.519,1,2,3,2,1,1,1,1,1,1,2,1,2,1,2,4,1,1,4,5,,
MT208PN41056,scene2,11:37:53,0:58:31.949,3,2,3,1,1,1,2,1,1,1,3,1,1,1,2,3,1,1,4,5,,
MT208PN41056,scene3,11:54:32,1:15:11.095,2,2,2,1,1,2,1,1,1,2,1,1,1,1,2,3,1,1,3,5,,
MT208PN41056,scene4,12:10:22,1:31:01.305,2,1,2,1,1,1,1,1,1,1,2,1,1,1,2,4,1,1,3,5,2.2,3.2
MT208PN41058,scene0,11:16:59,0:25:15.705,4,5,3,3,1,2,2,1,1,1,1,4,1,1,2,4,1,1,5,4,,
MT208PN41058,scene1,11:40:53,0:49:09.527,3,4,2,2,1,3,4,1,3,1,4,4,4,1,2,4,1,1,5,3,,
MT208PN41058,scene2,12:05:12,1:13:29.251,3,3,1,3,1,4,4,1,1,1,3,1,1,1,3,3,1,1,3,3,,
MT208PN41058,scene3,12:22:15,1:30:32.024,3,5,3,3,1,4,3,1,1,1,1,4,1,1,1,5,1,1,4,2,,
MT208PN41058,scene4,12:38:04,1:46:21.144,4,4,3,4,1,1,1,1,2,2,1,1,1,1,1,4,1,1,1,3,2,4
MT208PN41059,scene0,11:32:22,0:30:01.480,4,5,5,4,1,1,1,1,1,1,1,1,4,1,1,5,1,1,1,5,,
MT208PN41059,scene1,11:53:54,0:51:33.849,5,5,5,5,1,1,1,1,1,1,1,1,5,1,1,5,1,1,1,5,,
MT208PN41059,scene2,12:13:48,1:11:27.046,5,5,5,5,1,1,1,1,1,1,1,1,1,1,1,1,1,1,1,5,,
MT208PN41059,scene3,12:29:32,1:27:10.985,4,5,5,5,1,3,1,1,1,1,1,1,3,1,1,5,1,1,1,5,,
MT208PN41059,scene4,12:46:26,1:44:05.321,5,5,5,5,1,1,1,1,1,1,1,1,1,1,1,1,1,1,1,1,1,3.4
MT208PN41060,scene0,15:15:16,0:15:16.405,4,5,5,4,1,1,1,1,1,1,2,2,1,1,2,5,1,2,3,4,,
MT208PN41060,scene1,15:36:36,0:36:36.452,5,5,5,4,1,1,1,1,1,1,1,3,1,1,2,5,1,4,3,5,,
MT208PN41060,scene2,15:54:16,0:54:16.960,5,5,5,5,1,1,1,1,1,1,2,3,1,1,2,5,1,4,1,5,,
MT208PN41060,scene3,16:09:47,1:09:47.951,5,5,5,5,1,1,2,2,1,1,1,3,1,1,2,5,1,4,1,5,,
MT208PN41060,scene4,16:25:39,1:25:40.223,5,5,5,4,1,1,1,1,1,1,2,2,1,1,1,5,1,4,1,5,1.6,5
MT208PN41061,scene0,10:54:37,0:12:46.709,5,5,5,5,1,1,1,1,1,1,1,1,1,1,1,5,1,1,3,5,,
MT208PN41061,scene1,11:17:26,0:35:36.142,5,5,5,4,1,1,1,1,1,1,3,1,1,1,1,1,1,1,3,4,,
MT208PN41061,scene2,11:35:57,0:54:06.554,4,3,3,3,1,1,1,1,1,1,5,1,1,1,1,3,1,1,3,4,,
MT208PN41061,scene3,11:51:52,1:10:01.532,4,4,3,3,1,1,1,1,1,1,1,1,1,1,1,1,1,1,3,4,,
MT208PN41061,scene4,12:07:33,1:25:43.218,4,4,4,3,1,1,1,1,1,1,1,1,1,1,1,1,1,1,3,4,2.2,2.2
MT208PN41063,scene0,15:17:26,0:19:58.659,3,3,3,3,3,4,2,2,2,2,4,3,4,2,2,3,3,1,3,2,,
MT208PN41063,scene1,15:45:08,0:47:39.810,3,2,3,3,3,3,3,2,2,2,4,4,3,3,3,4,2,1,5,3,,
MT208PN41063,scene2,16:08:44,1:11:15.819,4,4,4,4,2,2,2,3,2,2,2,3,1,1,2,4,2,2,3,4,,
MT208PN41063,scene3,16:24:58,1:27:30.399,3,3,3,2,2,2,3,2,1,2,4,2,3,2,2,3,2,2,4,3,,
MT208PN41063,scene4,16:40:59,1:43:31.762,3,2,3,3,2,2,2,2,2,3,3,3,2,2,2,3,3,2,4,3,3.4,3.4
MT208PN41064,scene0,11:58:01,0:12:32.964,3,3,3,3,2,3,3,2,2,2,2,1,1,1,1,1,1,1,3,3,,
MT208PN41064,scene1,12:24:20,0:38:52.333,3,2,3,3,2,3,2,3,3,3,4,2,2,1,1,2,1,2,2,2,,
MT208PN41064,scene2,12:38:32,0:53:04.395,2,2,2,2,2,4,2,2,3,2,4,2,2,2,2,1,1,1,3,4,,
MT208PN41064,scene3,12:59:02,1:13:34.153,2,2,2,2,3,4,2,2,2,2,4,2,2,2,2,2,2,2,3,3,,
MT208PN41064,scene4,13:09:57,1:24:28.782,2,1,2,2,2,4,2,2,2,3,4,2,2,1,2,1,1,1,2,2,3.6,1.4
MT208PN41065,scene0,14:28:29,0:14:05.344,3,2,3,2,2,3,2,2,3,2,4,3,2,2,2,4,2,2,4,2,,
MT208PN41065,scene1,14:51:21,0:36:56.951,4,4,4,4,2,2,1,1,2,1,4,2,4,1,1,1,1,1,5,2,,
MT208PN41065,scene2,15:10:00,0:55:36.491,2,2,3,3,3,4,2,1,1,1,5,1,3,1,1,2,1,1,4,2,,
MT208PN41065,scene3,15:25:50,1:11:26.309,2,2,3,3,2,4,1,1,1,1,4,1,3,1,1,1,1,1,4,2,,
MT208PN41065,scene4,15:41:37,1:27:13.158,2,3,3,3,2,2,2,1,1,1,4,1,3,1,1,2,1,1,4,3,4.2,2
MT208PN41066,scene0,10:54:27,0:15:58.547,3,3,4,2,1,1,2,1,1,1,2,1,1,1,3,4,1,1,4,3,,
MT208PN41066,scene1,11:18:02,0:39:34.218,3,4,3,3,1,1,1,1,1,1,1,3,1,1,2,4,1,2,3,5,,
MT208PN41066,scene2,11:37:47,0:59:18.843,3,4,4,3,1,1,2,1,1,1,2,1,1,1,2,4,1,2,3,5,,
MT208PN41066,scene3,11:53:52,1:15:23.593,3,4,4,2,1,2,2,1,1,1,2,1,1,1,1,4,1,2,3,5,,
MT208PN41066,scene4,12:10:49,1:32:20.564,4,3,4,3,1,1,2,1,1,1,1,1,1,1,1,3,1,1,3,4,1.6,3.8
MT208PN41067,scene0,14:33:51,0:17:19.649,3,4,4,4,1,2,4,1,2,1,2,1,1,1,2,5,1,1,4,3,,
MT208PN41067,scene1,14:57:29,0:40:56.980,3,3,4,2,1,2,2,1,2,1,3,1,1,1,3,4,1,1,4,4,,
MT208PN41067,scene2,15:18:52,1:02:20.628,1,1,3,2,1,3,2,1,1,1,4,1,1,1,2,3,1,1,2,3,,
MT208PN41067,scene3,15:34:58,1:18:26.470,1,1,3,3,1,2,1,1,1,1,4,1,1,1,2,2,1,1,5,4,,
MT208PN41067,scene4,15:51:10,1:34:38.098,1,1,3,2,1,3,1,1,2,1,2,1,1,1,3,3,1,1,5,4,3,3.4
MT208PN41068,scene0,10:58:35,0:15:42.818,3,3,2,3,1,1,1,1,1,1,4,1,1,1,2,4,1,1,5,4,,
MT208PN41068,scene1,11:19:31,0:36:38.239,3,2,3,3,1,1,1,1,1,1,3,1,1,1,1,4,1,3,5,4,,
MT208PN41068,scene2,11:38:24,0:55:31.697,2,2,3,3,1,1,1,1,1,1,4,1,1,1,1,3,1,1,5,4,,
MT208PN41068,scene3,11:53:55,1:11:02.562,3,3,1,3,1,1,1,1,1,1,4,1,1,1,1,3,1,1,5,4,,
MT208PN41068,scene4,12:09:36,1:26:43.240,3,3,3,3,1,1,1,1,1,1,4,1,1,1,1,3,1,1,5,4,3.8,3.4
MT208PN41069,scene0,9:42:19,0:24:05.272,3,4,3,3,2,3,2,1,1,1,3,4,4,3,4,4,1,2,3,3,,
MT208PN41069,scene1,10:03:28,0:45:14.714,3,4,4,3,1,1,2,1,1,1,3,3,1,1,2,4,1,4,3,4,,
MT208PN41069,scene2,10:22:30,1:04:16.379,3,4,3,3,4,2,3,1,1,1,2,2,2,1,1,3,1,3,5,4,,
MT208PN41069,scene3,10:38:30,1:20:16.371,3,4,3,4,2,1,2,1,1,1,2,2,3,1,1,2,1,4,5,4,,
MT208PN41069,scene4,10:54:20,1:36:06.264,4,4,3,3,1,1,2,1,1,1,2,2,1,1,2,2,1,4,3,3,2.4,3
MT208PN41070,scene0,13:27:24,0:16:01.940,3,2,3,3,3,4,2,3,1,1,4,2,4,2,3,4,3,2,4,3,,
MT208PN41070,scene1,13:54:36,0:43:13.461,4,2,3,3,2,3,3,2,1,2,4,1,3,3,3,3,2,1,5,3,,
MT208PN41070,scene2,14:09:33,0:58:10.540,2,2,3,2,3,4,1,1,1,1,5,1,4,1,1,2,2,1,5,4,,
MT208PN41070,scene3,14:25:26,1:14:03.528,2,1,2,1,3,4,3,3,1,2,4,3,3,2,3,3,1,1,4,3,,
MT208PN41070,scene4,14:41:53,1:30:30.892,1,1,3,3,2,4,3,3,3,3,3,3,4,4,3,3,3,1,3,4,4,3
MT208PN41071,scene0,10:57:31,0:15:43.898,3,3,3,3,3,3,3,3,3,3,4,3,3,3,3,4,3,3,5,3,,
MT208PN41071,scene1,11:23:32,0:41:45.101,3,4,3,3,3,3,3,3,3,3,3,3,3,3,3,4,3,3,4,4,,
MT208PN41071,scene2,11:44:11,1:02:24.112,3,3,3,3,3,3,4,3,3,3,3,3,3,3,3,4,3,3,3,4,,
MT208PN41071,scene3,11:55:59,1:14:12.278,3,3,3,3,3,3,4,3,3,3,4,3,3,3,3,4,3,3,3,4,,
MT208PN41071,scene4,12:11:41,1:29:53.831,3,3,3,3,3,3,4,3,3,3,3,3,3,3,3,3,3,3,3,4,3.4,3.8
MT208PN41072,scene0,13:47:45,0:19:52.014,4,4,2,1,1,1,2,1,2,1,1,1,1,1,3,4,1,2,3,4,,
MT208PN41072,scene1,14:09:40,0:41:47.371,3,3,1,1,1,1,3,1,3,1,1,1,1,1,3,4,1,3,4,4,,
MT208PN41072,scene2,14:29:00,1:01:07.357,3,3,1,1,1,2,3,1,2,1,2,1,1,1,3,4,1,3,3,4,,
MT208PN41072,scene3,14:46:21,1:18:27.445,3,2,1,1,1,2,3,1,1,1,1,1,1,1,2,4,1,4,3,4,,
MT208PN41072,scene4,15:02:11,1:34:18.344,2,1,2,1,1,3,3,1,2,1,2,1,1,1,3,4,1,3,3,4,1.4,4
MT208PN41073,scene0,10:52:48,0:15:08.114,3,3,1,2,1,1,3,1,1,1,2,2,2,1,2,3,1,1,5,3,,
MT208PN41073,scene1,11:15:39,0:37:59.005,3,3,2,1,1,1,4,1,1,1,2,1,1,1,3,3,1,1,5,3,,
MT208PN41073,scene2,11:33:59,0:56:19.202,3,3,2,2,1,1,3,1,1,1,1,2,1,1,3,4,1,2,5,3,,
MT208PN41073,scene3,11:49:43,1:12:02.643,2,1,1,1,1,2,4,1,1,1,3,3,1,1,4,3,1,1,5,3,,
MT208PN41073,scene4,12:10:46,1:33:06.102,3,3,3,3,1,2,3,1,1,1,4,2,1,1,2,2,1,1,5,2,2.4,3
MT208PN41074,scene0,15:39:14,0:27:29.980,3,3,3,3,1,1,1,1,1,1,2,2,1,1,1,4,1,1,3,4,,
MT208PN41074,scene1,16:00:10,0:48:25.275,3,3,3,3,1,1,1,1,1,1,2,2,1,1,1,4,1,1,3,4,,
MT208PN41074,scene2,16:18:34,1:06:49.021,3,3,2,2,1,1,1,1,1,1,1,2,1,1,1,3,1,1,3,4,,
MT208PN41074,scene3,16:39:53,1:28:08.423,3,3,3,3,1,1,1,1,1,1,1,2,1,1,1,3,1,1,3,4,,
MT208PN41074,scene4,16:55:41,1:43:56.627,3,3,3,2,1,1,1,1,1,1,1,2,1,1,1,3,1,1,3,4,1.4,3.4
MT208PN41075,scene0,12:03:05,0:17:25.879,3,4,4,4,2,4,2,1,1,1,4,4,2,1,1,4,1,1,4,4,,
MT208PN41075,scene1,12:24:54,0:39:14.949,4,4,4,4,2,2,1,1,1,1,3,1,1,1,2,4,1,3,4,4,,
MT208PN41075,scene2,12:45:17,0:59:37.711,3,4,4,4,2,3,1,1,1,1,4,1,1,1,1,4,1,1,4,4,,
MT208PN41075,scene3,13:06:52,1:21:12.854,4,4,4,4,2,4,1,1,1,1,4,1,1,1,1,4,1,1,4,4,,
MT208PN41075,scene4,13:23:19,1:37:39.498,4,4,4,4,1,1,1,1,1,1,2,1,1,1,1,4,1,1,4,4,3.4,4
MT208PN41076,scene0,14:53:07,0:16:13.238,3,2,3,2,1,4,4,2,4,3,2,3,4,1,4,4,1,3,3,4,,
MT208PN41076,scene1,15:15:07,0:38:13.568,4,3,4,4,1,3,4,1,3,1,1,3,4,1,4,5,1,4,3,4,,
MT208PN41076,scene2,15:34:50,0:57:56.254,3,3,4,2,1,4,4,1,4,1,2,3,4,1,3,4,1,3,3,4,,
MT208PN41076,scene3,15:50:50,1:13:56.161,3,3,3,3,1,4,4,1,3,2,2,3,4,1,4,4,1,4,3,4,,
MT208PN41076,scene4,16:06:53,1:29:58.958,4,3,3,4,1,3,3,1,1,1,4,3,4,1,4,4,1,4,3,4,2.2,4.2
MT208PN41078,scene0,12:35:47,0:16:31.336,4,4,3,2,1,1,1,1,1,1,1,4,4,1,3,4,1,2,4,4,,
MT208PN41078,scene1,13:01:05,0:41:50.124,5,5,5,3,1,1,1,1,1,1,1,1,5,1,1,1,1,3,3,4,,
MT208PN41078,scene2,13:19:50,1:00:34.568,4,4,4,3,1,1,1,1,1,1,1,1,4,1,1,4,1,4,1,4,,
MT208PN41078,scene3,13:35:40,1:16:25.253,4,4,4,4,1,1,1,1,1,1,1,1,4,1,1,4,1,4,3,4,,
MT208PN41078,scene4,13:51:55,1:32:39.728,4,4,4,3,1,1,2,1,1,1,1,1,4,1,1,4,1,3,3,4,1,3.4
MT208PN41079,scene0,12:52:40,0:16:02.061,3,2,3,2,1,4,4,1,3,1,5,1,4,1,1,4,1,1,5,3,,
MT208PN41079,scene1,13:18:38,0:41:59.705,1,2,3,1,1,4,4,1,3,3,4,1,1,1,1,2,1,1,5,2,,
MT208PN41079,scene2,13:38:12,1:01:34.320,2,2,3,1,1,4,4,1,2,3,2,1,1,1,1,3,1,1,5,2,,
MT208PN41079,scene3,13:57:24,1:20:45.534,3,2,3,1,1,4,1,1,1,3,4,1,1,1,1,1,1,1,5,2,,
MT208PN41079,scene4,14:14:06,1:37:28.332,2,2,2,2,1,4,4,1,2,1,5,1,1,1,2,1,1,1,5,1,4,2.2
MT208PN41080,scene0,14:06:50,0:19:59.716,2,3,4,3,2,4,3,2,3,3,4,2,3,1,4,4,2,2,4,3,,
MT208PN41080,scene1,14:30:30,0:43:39.644,2,2,4,2,2,4,4,2,4,4,4,1,2,1,4,3,2,1,2,2,,
MT208PN41080,scene2,14:48:51,1:02:00.340,2,2,2,1,3,4,4,3,5,4,5,1,3,1,4,3,3,1,2,2,,
MT208PN41080,scene3,15:04:26,1:17:35.533,2,2,3,1,3,4,4,3,4,3,5,1,2,1,4,1,3,1,2,3,,
MT208PN41080,scene4,15:21:45,1:34:55.128,2,2,2,1,2,3,3,2,3,3,4,1,1,1,3,3,2,2,4,3,4.4,2.8
MT208PN41081,scene0,10:53:03,0:15:31.667,2,2,2,2,1,2,2,1,1,2,4,1,2,1,4,3,1,1,4,2,,
MT208PN41081,scene1,11:14:09,0:36:37.838,1,1,2,1,1,2,2,1,1,1,4,1,1,1,3,4,1,1,5,2,,
MT208PN41081,scene2,11:32:48,0:55:16.546,2,1,2,1,1,2,2,1,1,1,5,1,1,1,3,3,1,1,5,2,,
MT208PN41081,scene3,11:48:29,1:10:57.591,1,1,2,1,1,2,2,1,1,1,5,2,1,1,2,3,1,1,5,2,,
MT208PN41081,scene4,12:04:09,1:26:37.979,-1,-1,-1,-1,-1,-1,-1,-1,-1,-1,-1,-1,-1,-1,-1,-1,-1,-1,-1,-1,3.4,2.4
MT208PN41082,scene0,14:25:10,0:16:27.022,3,2,3,2,1,2,4,1,5,2,1,1,2,2,1,5,2,1,3,3,,
MT208PN41082,scene1,14:46:38,0:37:55.134,2,2,1,1,1,5,5,1,4,3,2,2,1,2,2,4,1,1,3,3,,
MT208PN41082,scene2,15:06:54,0:58:11.768,3,3,3,1,1,4,4,1,4,4,1,1,1,3,3,2,1,1,3,2,,
MT208PN41082,scene3,15:22:41,1:13:57.915,1,2,2,2,1,3,4,1,4,4,1,1,1,1,1,3,1,1,3,3,,
MT208PN41082,scene4,15:38:53,1:30:09.857,1,1,1,1,2,5,4,1,4,4,1,1,1,3,1,3,1,1,3,3,1.2,3.4
MT208PN41083,scene0,14:23:05,0:15:03.503,5,4,3,3,1,1,1,1,1,1,1,1,3,1,1,4,1,1,5,4,,
MT208PN41083,scene1,14:44:17,0:36:15.880,4,3,3,3,1,1,2,1,1,1,1,1,3,1,1,4,1,4,5,4,,
MT208PN41083,scene2,15:02:12,0:54:10.512,3,3,1,1,1,1,1,1,1,1,1,1,1,1,1,4,1,4,3,4,,
MT208PN41083,scene3,15:18:13,1:10:11.268,4,3,3,3,3,3,2,2,1,1,1,3,3,1,1,4,1,4,3,4,,
MT208PN41083,scene4,15:34:01,1:25:59.306,3,3,3,3,3,1,1,1,1,1,1,1,1,1,1,1,1,1,3,3,1,3.4
MT208PN41084,scene0,14:00:23,0:15:09.071,3,4,4,3,1,1,3,1,1,1,2,2,1,1,2,4,1,2,4,4,,
MT208PN41084,scene1,14:23:30,0:38:15.833,3,3,4,3,1,2,2,1,1,1,3,4,1,1,2,4,1,1,3,4,,
MT208PN41084,scene2,14:42:29,0:57:14.604,2,2,2,2,3,3,2,1,1,1,4,3,1,1,4,3,1,1,3,2,,
MT208PN41084,scene3,14:58:08,1:12:53.673,2,2,2,2,1,1,3,1,2,3,3,2,1,1,1,3,1,1,3,3,,
MT208PN41084,scene4,15:14:15,1:29:01.276,2,2,2,2,1,1,4,1,4,2,3,1,1,1,3,2,3,1,2,3,3,3.2
MT208PN41085,scene0,11:57:05,0:17:50.967,2,2,2,2,1,4,2,2,3,1,1,1,3,1,1,1,1,1,1,2,,
MT208PN41085,scene1,12:20:27,0:41:13.415,1,1,2,1,3,4,4,1,2,1,2,1,4,1,1,1,2,1,1,1,,
MT208PN41085,scene2,12:38:59,0:59:45.609,1,1,2,1,3,5,5,1,2,4,2,1,4,1,1,1,3,1,1,3,,
MT208PN41085,scene3,12:55:39,1:16:24.924,1,1,1,1,4,5,5,1,3,5,2,1,5,1,1,1,2,1,1,2,,
MT208PN41085,scene4,13:11:35,1:32:21.529,1,1,1,1,3,5,4,2,3,4,1,1,4,1,1,1,2,1,1,2,1.6,1
MT208PN41086,scene0,10:47:08,0:14:10.456,3,3,3,3,1,1,2,1,1,1,3,2,2,1,1,4,1,2,5,4,,
MT208PN41086,scene1,11:08:42,0:35:19.410,3,2,3,2,1,1,2,1,1,2,4,3,2,2,2,3,1,1,4,3,,
MT208PN41086,scene2,11:26:30,0:53:08.181,2,2,2,2,1,1,1,1,1,1,2,2,1,1,2,3,1,2,4,4,,
MT208PN41086,scene3,11:42:21,1:08:58.739,2,3,2,2,2,2,2,1,1,1,2,2,1,1,2,4,1,2,4,4,,
MT208PN41086,scene4,11:58:17,1:24:54.645,2,2,2,2,1,1,2,1,1,1,2,2,1,1,2,3,1,2,4,4,2.6,3.4
MT208PN41087,scene0,15:35:28,0:16:09.944,2,2,4,2,1,2,4,2,1,2,4,1,2,1,2,3,2,1,3,5,,
MT208PN41087,scene1,15:58:21,0:39:03.136,2,2,3,2,3,3,4,2,1,3,3,2,1,1,4,2,3,1,3,4,,
MT208PN41087,scene2,16:16:37,0:57:19.712,2,2,3,2,3,4,4,3,1,3,3,1,1,1,4,3,2,1,3,3,,
MT208PN41087,scene3,16:32:36,1:13:18.133,2,2,3,2,3,4,3,2,2,3,4,1,1,1,4,2,2,1,3,3,,
MT208PN41087,scene4,16:48:27,1:29:09.520,2,2,3,2,1,3,3,3,2,3,5,1,1,1,1,3,2,1,3,3,3.8,2.6
MT208PN41088,scene0,12:03:25,0:15:47.875,2,3,4,2,1,1,3,1,1,3,2,1,1,1,1,3,1,1,5,3,,
MT208PN41088,scene1,12:27:28,0:39:50.962,1,1,4,3,1,2,3,2,1,1,1,1,1,1,3,3,1,1,1,3,,
MT208PN41088,scene2,12:46:12,0:58:34.997,1,1,2,1,2,5,5,3,2,3,1,1,2,1,5,3,1,1,1,3,,
MT208PN41088,scene3,13:04:39,1:17:02.286,3,2,4,4,3,3,2,1,1,1,1,4,2,1,1,2,1,3,1,4,,
MT208PN41088,scene4,13:19:58,1:32:20.851,1,1,1,1,5,5,5,3,2,3,1,1,5,3,4,1,3,1,1,1,1.2,2.4
MT208PN41089,scene0,12:08:05,0:17:17.803,3,2,2,3,2,3,3,2,1,1,2,1,3,1,2,3,1,1,3,3,,
MT208PN41089,scene1,12:30:57,0:40:09.300,2,2,2,3,2,3,3,2,1,3,2,1,2,2,2,2,1,1,2,2,,
MT208PN41089,scene2,12:54:06,1:03:18.741,2,2,2,2,3,4,4,3,2,3,1,1,3,2,3,2,1,1,2,3,,
MT208PN41089,scene3,13:10:01,1:19:13.686,2,2,2,2,3,4,4,2,1,4,1,1,4,3,3,1,2,1,1,2,,
MT208PN41089,scene4,13:26:26,1:35:38.059,2,2,2,2,2,3,2,1,1,2,3,1,4,2,2,1,1,1,1,1,1.8,1.8
MT208PN41090,scene0,14:54:39,0:20:54.068,3,3,4,3,1,2,2,2,2,1,1,1,3,1,4,5,1,3,5,3,,
MT208PN41090,scene1,15:16:26,0:42:40.194,3,3,4,3,1,2,1,1,1,1,1,1,1,1,1,4,1,4,1,5,,
MT208PN41090,scene2,15:38:15,1:04:29.218,4,4,4,4,1,1,1,1,1,1,1,1,3,1,1,2,2,3,3,5,,
MT208PN41090,scene3,15:51:20,1:17:35.036,4,4,4,4,1,2,2,1,1,1,1,1,3,1,2,4,2,3,3,5,,
MT208PN41090,scene4,16:10:38,1:36:52.740,2,2,2,1,3,4,4,2,4,3,1,3,2,2,2,3,4,2,3,3,1,3.6
MT208PN41091,scene0,12:05:59,0:14:23.782,3,4,3,2,3,3,3,2,2,2,3,3,4,2,3,3,2,2,3,4,,
MT208PN41091,scene1,12:32:35,0:40:59.432,3,2,3,3,3,4,4,3,3,3,3,4,3,2,4,4,3,2,2,4,,
MT208PN41091,scene2,12:57:51,1:06:15.716,2,2,2,2,3,4,5,4,4,4,3,3,3,2,3,4,3,2,2,3,,
MT208PN41091,scene3,13:13:51,1:22:15.808,3,3,3,3,3,4,4,3,2,3,4,3,2,2,2,2,2,2,4,3,,
MT208PN41091,scene4,13:31:32,1:39:56.362,2,2,2,2,3,4,4,3,3,4,5,4,3,1,3,3,3,1,3,3,3.6,3.2
MT208PN41092,scene0,14:59:07,0:16:51.533,4,3,4,3,1,1,1,1,2,1,1,1,1,1,1,3,1,2,4,4,,
MT208PN41092,scene1,15:22:14,0:39:58.740,3,3,3,3,1,1,1,1,1,1,1,3,3,1,1,3,1,1,4,3,,
MT208PN41092,scene2,15:39:40,0:57:24.741,3,3,2,2,1,1,1,1,1,1,1,1,1,1,1,3,1,1,3,3,,
MT208PN41092,scene3,15:55:15,1:12:59.702,3,3,3,3,1,1,1,1,1,1,1,2,1,1,1,3,1,1,3,3,,
MT208PN41092,scene4,16:11:15,1:28:59.348,3,2,2,3,1,1,1,1,1,1,2,1,1,1,1,2,1,1,3,4,1.2,2.8
MT208PN42020,scene0,13:21:00,0:14:08.412,4,4,3,4,1,3,3,1,1,1,3,1,3,1,1,4,1,4,2,4,,
MT208PN42020,scene1,13:44:06,0:37:15.131,3,3,3,3,2,3,3,2,1,2,3,4,3,1,5,4,1,2,3,5,,
MT208PN42020,scene2,14:03:27,0:56:35.852,2,3,3,3,3,4,4,4,3,3,4,4,3,1,5,4,1,3,3,5,,
MT208PN42020,scene3,14:25:16,1:18:24.777,2,2,2,3,3,5,5,4,3,3,4,3,2,1,5,3,3,3,3,5,,
MT208PN42020,scene4,14:41:57,1:35:06.258,4,3,3,3,3,4,4,4,2,3,3,3,3,2,4,2,2,2,3,5,3.4,3.4
MT208PN42029,scene0,10:21:22,0:19:11.814,3,2,4,3,1,1,3,2,1,1,3,1,3,1,1,3,1,1,5,4,,
MT208PN42029,scene1,10:43:06,0:40:55.855,3,2,3,3,2,2,1,1,2,2,4,1,2,1,4,3,1,1,4,4,,
MT208PN42029,scene2,11:03:59,1:01:49.383,3,4,4,4,1,2,1,2,2,1,3,1,4,1,3,4,1,4,4,4,,
MT208PN42029,scene3,11:20:09,1:17:59.096,2,2,3,3,1,3,1,2,2,1,5,1,2,1,4,2,1,2,3,3,,
MT208PN42029,scene4,11:37:11,1:35:01.360,3,2,3,3,1,2,2,1,2,2,4,1,2,1,3,2,1,3,3,4,3.8,2.8
MT208PN42033,scene0,13:24:03,0:18:33.968,4,5,5,5,1,1,2,1,1,1,1,2,1,1,1,5,1,1,4,5,,
MT208PN42033,scene1,13:48:43,0:43:14.263,5,5,5,5,1,1,1,1,1,1,1,4,1,1,1,4,1,4,1,5,,
MT208PN42033,scene2,14:13:09,1:05:20.540,5,5,5,5,1,1,2,1,1,1,1,4,1,1,1,4,1,4,1,5,,
MT208PN42033,scene3,14:28:09,1:20:07.946,5,5,5,5,1,1,2,1,1,1,1,4,1,1,1,4,1,4,1,5,,
MT208PN42033,scene4,14:46:27,1:38:15.119,3,4,2,4,1,1,3,2,2,3,1,3,1,1,2,3,1,1,1,4,1,4
MT208PN42039,scene0,14:33:35,0:29:45.135,3,4,3,3,1,1,1,1,1,1,2,1,1,1,2,4,1,3,5,3,,
MT208PN42039,scene1,14:56:35,0:52:45.579,3,3,3,3,3,4,3,1,1,1,4,3,3,3,3,1,2,4,2,2,,
MT208PN42039,scene2,15:17:02,1:13:12.466,1,1,1,1,4,5,2,1,1,1,5,1,2,1,1,1,2,1,1,3,,
MT208PN42039,scene3,15:32:42,1:28:52.441,1,1,1,1,4,5,3,1,1,2,5,1,1,1,1,1,2,1,2,3,,
MT208PN42039,scene4,15:49:08,1:45:18.494,1,1,1,1,3,5,1,1,1,3,5,1,1,1,1,1,2,2,1,3,4.2,1.6
MT208PN42042,scene0,13:15:22,0:17:17.037,3,4,4,4,1,3,3,2,2,2,2,4,3,2,2,4,2,1,3,5,,
MT208PN42042,scene1,13:36:31,0:38:26.200,3,3,3,3,2,4,4,4,4,3,3,4,4,3,4,4,3,1,3,4,,
MT208PN42042,scene2,14:15:22,1:17:17.675,3,3,3,3,2,3,3,3,2,2,2,4,4,3,4,4,2,1,4,5,,
MT208PN42042,scene3,14:25:54,1:27:49.071,4,4,4,4,2,2,2,2,2,2,2,4,4,3,3,5,1,1,3,5,,
MT208PN42042,scene4,14:42:55,1:44:49.790,4,4,4,3,2,3,3,2,3,2,2,4,4,2,4,5,3,1,3,5,2.2,4.4
MT208PN42043,scene0,10:45:07,0:18:52.706,4,4,5,4,1,3,2,2,1,1,1,4,1,1,3,5,1,3,4,5,,
MT208PN42043,scene1,11:07:49,0:41:34.767,4,4,5,3,2,1,1,1,3,1,1,4,1,1,4,5,1,3,3,5,,
MT208PN42043,scene2,11:46:41,1:20:26.005,3,2,5,4,3,3,4,1,2,2,4,3,1,1,5,5,3,1,5,3,,
MT208PN42043,scene3,11:57:51,1:31:36.909,3,2,5,3,3,4,4,1,1,1,3,4,2,3,5,4,1,1,5,5,,
MT208PN42043,scene4,12:14:37,1:48:22.969,2,3,5,3,1,3,3,1,1,3,4,3,2,3,1,4,1,1,3,3,2.6,4.6
MT208PN42046,scene0,16:59:00,0:13:18.657,3,2,2,2,2,2,3,1,1,1,4,1,1,1,1,2,2,2,5,2,,
MT208PN42046,scene1,17:22:04,0:36:22.540,3,3,2,2,1,2,2,1,1,1,4,3,1,1,1,3,1,1,5,2,,
MT208PN42046,scene2,17:40:38,0:54:56.019,2,2,2,1,3,2,1,1,1,1,5,1,2,1,1,2,2,1,4,2,,
MT208PN42046,scene3,17:56:03,1:10:21.661,2,1,2,1,1,3,1,1,1,1,5,1,1,1,1,1,1,1,5,1,,
MT208PN42046,scene4,18:19:09,1:33:27.567,3,2,1,1,1,1,1,1,1,1,4,1,1,1,1,1,1,1,5,2,4.4,1.8
MT208PN42049,scene0,14:02:30,0:19:39.852,3,2,3,3,1,1,1,1,1,1,5,1,1,1,1,3,1,2,4,3,,
MT208PN42049,scene1,14:25:48,0:42:57.820,3,4,4,4,1,1,1,1,1,1,2,1,1,1,2,4,1,3,4,5,,
MT208PN42049,scene2,14:49:19,1:06:28.786,3,2,2,3,1,1,1,1,1,1,3,1,1,1,1,3,1,1,5,3,,
MT208PN42049,scene3,15:05:29,1:22:38.941,3,2,2,3,1,1,1,1,1,1,1,4,1,1,1,3,1,4,3,4,,
MT208PN42049,scene4,15:22:21,1:39:30.554,4,4,4,4,1,1,3,1,1,1,1,3,1,1,1,4,1,1,3,4,2.4,3.4
MT208PN42052,scene0,10:19:48,0:12:42.500,5,5,5,5,5,5,3,2,4,3,5,3,3,1,1,4,3,4,4,3,,
MT208PN42052,scene1,10:40:45,0:33:39.801,2,2,3,1,3,2,2,3,2,3,5,2,2,3,1,1,1,1,1,1,,
MT208PN42052,scene2,10:59:06,0:52:00.362,4,1,1,1,1,5,1,1,1,1,5,1,1,1,1,1,5,1,3,3,,
MT208PN42052,scene3,11:15:14,1:08:08.171,1,1,1,1,4,5,5,5,5,5,5,2,2,5,5,5,5,4,5,5,,
MT208PN42052,scene4,11:33:26,1:26:20.681,1,1,1,1,3,5,5,5,5,5,5,5,5,3,3,3,5,3,3,3,5,2.8
MT208PN42057,scene0,9:15:09,0:17:17.966,5,5,5,3,1,1,1,1,1,1,3,1,4,1,1,5,1,2,5,3,,
MT208PN42057,scene1,9:38:48,0:40:56.341,4,3,5,3,1,1,1,1,1,1,2,1,4,1,1,4,1,5,3,4,,
MT208PN42057,scene2,9:58:47,1:00:55.421,5,5,5,5,1,1,1,1,1,1,2,3,4,1,1,3,1,1,5,4,,
MT208PN42057,scene3,10:15:03,1:16:57.159,4,4,5,4,1,1,1,1,1,1,3,3,4,1,1,3,1,4,5,4,,
MT208PN42057,scene4,10:32:11,1:33:49.998,4,5,5,4,1,1,1,1,1,1,2,4,5,1,1,1,1,3,5,5,2.4,3.2
MT208PN42065,scene0,15:52:16,0:17:08.044,3,3,5,4,1,2,3,3,1,1,3,1,2,2,3,4,1,1,5,4,,
MT208PN42065,scene1,16:13:22,0:38:13.665,3,3,4,4,1,2,3,1,1,2,3,1,2,1,3,3,1,1,3,4,,
MT208PN42065,scene2,16:33:16,0:58:08.158,2,2,3,3,1,3,4,1,1,1,3,1,1,1,3,4,1,1,1,4,,
MT208PN42065,scene3,16:49:02,1:13:54.326,3,3,4,4,1,4,3,1,1,2,1,1,1,1,3,4,1,1,2,4,,
MT208PN42065,scene4,17:06:17,1:31:09.581,2,2,3,3,1,2,1,1,1,4,5,1,1,3,3,2,1,1,3,4,3,3.4
MT208PN42066,scene0,14:24:16,0:17:47.445,4,4,4,3,1,2,3,1,1,2,3,4,3,1,2,4,1,3,3,4,,
MT208PN42066,scene1,14:45:46,0:39:17.881,3,3,2,3,3,2,2,2,2,2,3,3,2,1,3,3,1,3,3,3,,
MT208PN42066,scene2,15:07:10,1:00:41.643,3,3,3,3,1,3,2,3,1,2,2,3,3,1,2,4,1,4,3,3,,
MT208PN42066,scene3,15:24:04,1:17:21.238,2,2,3,3,3,3,2,2,1,3,3,3,4,1,3,3,2,2,3,3,,
MT208PN42066,scene4,15:41:07,1:34:10.127,2,2,3,4,3,3,3,3,2,2,3,2,2,1,2,3,1,3,3,3,2.8,3.4
MT208PN42069,scene0,15:30:40,0:16:11.473,3,3,4,2,1,1,3,1,1,1,2,1,1,1,1,4,1,2,5,3,,
MT208PN42069,scene1,15:51:52,0:37:22.727,3,2,3,4,1,1,1,1,1,2,1,1,2,2,1,4,2,3,4,3,,
MT208PN42069,scene2,16:10:58,0:56:28.909,4,4,5,4,2,1,2,1,1,1,3,4,2,1,1,4,1,3,3,3,,
MT208PN42069,scene3,16:31:49,1:17:19.917,3,2,3,3,1,3,1,1,1,1,1,3,1,1,1,5,1,3,2,4,,
MT208PN42069,scene4,16:48:51,1:34:10.380,4,3,5,5,1,1,1,1,1,1,1,4,1,1,1,5,1,5,1,4,1.6,4.4
MT208PN42070,scene0,16:55:07,0:15:40.841,5,4,4,5,1,1,1,1,1,3,3,4,2,1,2,4,1,2,4,5,,
MT208PN42070,scene1,17:18:54,0:39:28.045,5,4,4,5,1,1,1,1,1,1,2,5,1,1,2,4,1,2,3,5,,
MT208PN42070,scene2,17:38:05,0:58:38.547,4,3,3,4,1,2,1,1,1,2,2,4,1,1,1,3,1,2,3,4,,
MT208PN42070,scene3,17:54:13,1:14:29.418,4,3,3,4,1,2,1,1,2,3,3,3,1,1,1,4,1,2,3,4,,
MT208PN42070,scene4,18:12:22,1:32:38.473,5,5,4,5,1,2,1,1,1,1,1,5,1,1,1,5,1,3,2,5,2.2,4
MT208PN42084,scene0,13:06:16,0:15:32.464,3,4,4,4,1,1,2,2,2,2,2,3,2,1,3,4,2,2,3,4,,
MT208PN42084,scene1,13:27:46,0:37:02.815,3,3,3,3,1,1,1,1,1,2,3,2,2,1,2,4,3,2,3,4,,
MT208PN42084,scene2,13:52:10,1:01:25.919,3,3,3,4,1,1,1,1,1,1,3,2,2,1,2,3,1,2,4,4,,
MT208PN42084,scene3,14:03:15,1:12:31.068,2,2,4,5,1,1,1,1,1,1,4,3,2,1,2,2,2,2,3,4,,
MT208PN42084,scene4,14:20:06,1:29:22.583,2,2,4,4,1,4,1,1,1,1,4,3,3,2,3,1,2,2,3,3,3.2,2.8
MT208PN42085,scene0,18:18:22,0:18:01.892,4,3,4,4,1,2,3,1,1,1,3,1,1,1,2,3,1,1,5,3,,
MT208PN42085,scene1,18:40:01,0:39:41.201,3,4,4,3,1,3,1,1,1,1,3,2,2,1,1,4,1,2,3,2,,
MT208PN42085,scene2,19:00:19,0:59:58.829,3,2,4,3,1,3,1,1,1,1,4,2,2,1,2,3,1,2,3,2,,
MT208PN42085,scene3,19:22:29,1:22:09.019,3,2,4,3,3,3,1,1,1,1,3,1,1,1,2,3,1,2,3,2,,
MT208PN42085,scene4,19:39:40,1:39:03.747,3,2,3,3,1,1,1,1,1,1,3,1,1,1,2,3,1,2,3,2,3.2,3.2
MT208PN42086,scene0,15:46:43,0:16:15.536,1,1,2,1,1,1,2,1,1,1,5,1,3,1,1,1,1,1,3,1,,
MT208PN42086,scene1,16:09:36,0:39:08.276,1,1,1,1,1,1,1,1,1,1,5,1,3,1,1,1,1,1,2,1,,
MT208PN42086,scene2,16:31:24,1:00:56.322,1,1,1,1,1,1,1,1,1,1,5,1,3,1,1,1,1,1,1,1,,
MT208PN42086,scene3,16:48:32,1:18:03.674,1,1,1,1,1,1,1,1,1,1,5,1,5,1,1,1,1,1,1,1,,
MT208PN42086,scene4,17:04:56,1:34:28.246,1,1,1,1,1,1,1,1,1,1,5,1,1,1,1,1,1,1,1,1,5,1
MT208PN42089,scene0,15:44:37,0:14:05.430,3,1,3,3,3,4,3,3,3,3,3,3,3,3,4,3,1,3,5,2,,
MT208PN42089,scene1,16:05:40,0:35:08.720,3,1,3,3,3,4,2,3,3,3,5,3,3,3,3,3,3,3,5,3,,
MT208PN42089,scene2,16:26:06,0:55:33.872,3,2,3,2,2,2,2,2,2,2,4,2,2,2,3,2,2,2,4,1,,
MT208PN42089,scene3,16:46:19,1:15:47.123,1,1,1,1,5,5,1,1,1,1,5,1,1,1,1,1,1,1,1,1,,
MT208PN42089,scene4,17:02:53,1:32:21.672,3,2,3,3,1,3,3,3,3,3,4,3,3,3,3,3,3,3,3,3,4.2,2.4
MT208PN42091,scene0,10:18:01,0:16:02.122,4,3,4,3,1,1,4,2,1,1,1,1,1,1,1,3,1,1,4,4,,
MT208PN42091,scene1,10:39:28,0:37:29.019,3,3,4,3,1,1,3,1,1,1,1,2,1,1,2,4,1,2,3,4,,
MT208PN42091,scene2,11:01:56,0:59:57.304,3,3,3,3,1,1,1,1,1,1,1,2,1,1,1,4,1,3,3,4,,
MT208PN42091,scene3,11:15:49,1:13:50.277,3,3,3,3,1,1,2,1,1,1,1,3,1,1,1,3,1,3,3,4,,
MT208PN42091,scene4,11:32:03,1:30:04.236,3,3,3,3,1,1,1,1,1,1,1,3,1,1,1,3,1,3,3,5,1,3.4
MT208PN42092,scene0,11:27:22,0:16:18.784,3,3,3,3,1,1,1,1,1,1,1,1,1,1,1,4,1,2,5,4,,
MT208PN42092,scene1,11:48:43,0:37:40.022,3,3,3,3,1,1,1,1,1,1,1,1,1,1,3,3,1,1,3,4,,
MT208PN42092,scene2,12:12:57,1:01:53.678,3,3,3,3,1,1,1,1,1,1,2,1,1,1,1,3,1,1,3,4,,
MT208PN42092,scene3,12:25:38,1:14:25.588,3,3,3,3,1,1,1,1,1,1,1,1,1,1,1,3,1,1,3,4,,
MT208PN42092,scene4,12:42:17,1:31:04.193,3,3,3,3,1,1,1,1,1,1,1,1,1,1,1,3,1,1,3,4,1.2,3.2
MT208PN42098,scene0,16:02:11,0:18:33.341,3,4,4,1,1,1,3,2,1,1,3,2,4,1,3,4,2,1,5,3,,
MT208PN42098,scene1,16:24:49,0:41:12.106,3,4,4,2,1,1,1,1,1,1,3,3,4,1,2,4,1,1,5,4,,
MT208PN42098,scene2,16:42:25,0:58:47.832,4,3,4,3,1,1,1,1,1,1,3,1,4,2,2,4,1,5,2,4,,
MT208PN42098,scene3,17:03:21,1:19:43.671,4,4,4,4,1,1,1,1,1,1,1,3,4,1,1,4,1,4,3,5,,
MT208PN42098,scene4,17:19:05,1:35:27.464,4,4,4,4,1,1,1,1,1,1,2,3,4,1,1,4,1,3,4,5,2.4,4
MT208PN42101,scene0,10:41:17,0:18:54.180,3,3,3,3,3,3,4,3,3,3,3,3,3,3,2,3,3,3,4,3,,
MT208PN42101,scene1,11:02:14,0:39:50.997,3,3,3,3,3,3,4,3,3,3,3,3,3,3,2,3,3,3,4,2,,
MT208PN42101,scene2,11:24:09,1:01:46.069,3,3,3,3,1,1,4,1,1,1,3,1,3,1,2,2,1,1,4,3,,
MT208PN42101,scene3,11:39:51,1:17:27.898,3,2,3,1,1,1,4,1,1,1,4,1,1,1,1,1,1,1,3,3,,
MT208PN42101,scene4,11:57:01,1:34:28.031,3,1,1,1,1,1,4,1,1,1,4,1,1,1,1,1,1,1,3,2,3.4,2
MT208PN42105,scene0,9:06:53,0:23:26.837,4,5,4,3,1,2,1,1,2,2,2,4,4,1,2,4,1,3,4,5,,
MT208PN42105,scene1,9:29:38,0:46:12.680,4,5,4,4,1,1,2,1,2,1,1,3,5,1,1,4,1,3,4,5,,
MT208PN42105,scene2,9:49:02,1:05:36.215,4,4,4,3,2,2,2,1,1,2,1,2,3,1,1,3,1,4,3,4,,
MT208PN42105,scene3,10:09:48,1:26:22.572,4,5,4,4,1,2,2,1,1,2,3,3,3,1,2,4,1,5,4,4,,
MT208PN42105,scene4,10:26:49,1:43:23.009,4,4,4,4,1,1,3,1,2,1,2,1,4,1,2,4,1,1,4,4,1.8,3.8
MT208PN42106,scene0,15:08:45,0:20:31.741,1,1,3,1,1,1,2,2,1,1,2,3,2,1,2,4,1,1,5,2,,
MT208PN42106,scene1,15:32:25,0:44:12.262,1,1,3,2,1,1,2,1,1,1,3,1,2,1,1,2,1,1,4,3,,
MT208PN42106,scene2,15:52:40,1:04:27.108,1,1,1,2,1,1,2,1,1,1,2,2,1,1,1,2,1,1,4,3,,
MT208PN42106,scene3,16:11:11,1:22:58.339,1,1,1,1,1,3,3,1,1,1,2,1,1,1,1,2,1,1,3,3,,
MT208PN42106,scene4,16:27:43,1:39:30.481,1,1,1,1,1,3,3,2,1,1,2,4,1,1,1,1,1,1,3,3,2.2,2.2
MT208PN42107,scene0,13:12:03,0:14:57.041,3,3,3,3,3,4,3,2,2,2,2,2,2,2,3,4,2,2,4,3,,
MT208PN42107,scene1,13:37:06,0:39:59.989,2,2,2,2,3,4,4,3,2,2,4,2,2,2,3,3,2,2,4,3,,
MT208PN42107,scene2,13:53:44,0:56:20.658,2,2,2,2,4,4,3,2,2,2,4,3,3,2,2,3,2,2,2,4,,
MT208PN42107,scene3,14:09:09,1:11:45.470,2,2,2,2,4,4,4,4,2,2,4,5,3,2,2,3,2,2,2,3,,
MT208PN42107,scene4,14:25:43,1:28:19.647,1,1,2,2,3,4,4,3,3,2,4,4,4,2,4,2,2,2,1,3,3.6,3
MT208PN42108,scene0,17:06:03,0:16:11.622,4,5,4,3,1,1,1,1,2,2,1,1,1,1,1,5,1,3,2,4,,
MT208PN42108,scene1,17:31:07,0:41:15.440,5,4,4,3,1,1,1,1,1,1,1,1,1,1,1,4,1,3,1,4,,
MT208PN42108,scene2,17:49:36,0:59:45.246,4,4,4,3,1,1,1,1,1,1,1,1,1,1,1,4,1,1,1,4,,
MT208PN42108,scene3,18:05:03,1:15:11.899,4,3,3,2,1,1,1,1,2,1,1,1,1,1,1,1,1,1,3,3,,
MT208PN42108,scene4,18:21:30,1:31:38.473,4,3,3,2,1,1,1,1,2,1,1,1,1,1,1,3,1,1,1,3,1,3.4
MT208PN42112,scene0,13:57:46,0:17:00.455,3,4,4,3,2,3,4,2,2,2,4,3,3,2,4,4,2,3,4,3,,
MT208PN42112,scene1,14:21:13,0:40:27.579,5,5,5,4,2,2,2,2,2,2,4,2,3,2,2,4,2,3,2,2,,
MT208PN42112,scene2,14:39:58,0:59:13.159,3,3,4,3,3,3,3,2,2,2,4,2,2,2,4,4,2,2,4,2,,
MT208PN42112,scene3,14:55:32,1:14:47.014,4,4,4,4,2,2,2,2,2,2,2,2,3,2,2,4,2,2,3,2,,
MT208PN42112,scene4,15:12:02,1:31:16.797,4,4,4,4,2,2,2,2,2,2,2,2,2,2,2,3,2,2,3,3,3.2,3.8
MT208PN42115,scene0,17:19:20,0:21:05.959,3,4,4,3,1,1,1,1,1,1,2,1,1,1,1,3,1,1,4,3,,
MT208PN42115,scene1,17:41:20,0:43:06.111,4,3,4,4,1,1,1,1,1,1,3,3,1,1,3,3,1,1,3,4,,
MT208PN42115,scene2,18:08:21,1:10:07.419,4,2,4,3,1,1,1,1,1,1,3,1,1,1,1,3,1,1,4,4,,
MT208PN42115,scene3,18:24:19,1:25:47.149,3,2,4,3,1,1,1,1,1,1,2,1,1,1,1,2,1,1,4,3,,
MT208PN42115,scene4,18:42:06,1:43:34.029,3,2,4,3,1,1,1,1,1,1,3,1,1,1,1,2,1,1,3,2,2.6,2.6
MT208PN42123,scene0,16:48:27,0:17:34.375,3,3,4,2,1,1,1,1,1,1,3,1,1,1,1,4,1,1,5,4,,
MT208PN42123,scene1,17:10:04,0:39:11.400,2,2,3,3,3,2,1,1,1,1,2,1,1,1,1,4,1,1,4,4,,
MT208PN42123,scene2,17:28:58,0:58:05.278,3,3,3,1,1,3,1,1,1,1,4,1,1,1,1,2,1,2,5,4,,
MT208PN42123,scene3,17:44:47,1:13:41.148,3,3,3,1,1,3,1,1,1,1,4,1,1,1,1,2,1,3,5,3,,
MT208PN42123,scene4,18:01:25,1:30:14.040,4,4,3,1,1,2,1,1,1,1,3,1,1,1,1,3,1,2,5,3,3.2,3
MT208PN42124,scene0,13:21:56,0:15:11.422,5,5,5,5,1,1,1,1,1,1,1,1,1,1,1,5,1,4,1,5,,
MT208PN42124,scene1,13:44:43,0:37:58.713,5,5,5,5,1,1,1,1,1,1,1,2,1,1,1,5,1,4,3,5,,
MT208PN42124,scene2,14:05:35,0:58:50.392,5,5,5,5,1,1,1,1,1,1,1,1,3,1,1,5,1,3,3,5,,
MT208PN42124,scene3,14:19:56,1:13:11.612,5,5,5,5,1,1,1,1,1,1,1,1,3,1,1,5,1,3,3,5,,
MT208PN42124,scene4,14:36:35,1:29:51.108,5,5,5,5,1,1,1,1,1,1,1,1,1,1,1,5,1,3,3,5,1,5
MT208PN42126,scene0,10:17:26,0:18:37.170,4,4,5,4,1,2,3,1,1,1,2,1,1,1,1,5,1,2,2,5,,
MT208PN42126,scene1,10:38:49,0:39:59.990,4,4,5,4,1,1,1,1,1,1,2,5,1,1,2,5,1,3,2,5,,
MT208PN42126,scene2,10:57:00,0:58:11.697,4,4,5,4,1,2,2,1,1,1,2,1,1,1,1,5,1,2,3,5,,
MT208PN42126,scene3,11:12:37,1:13:48.068,3,3,4,4,1,3,1,1,1,1,4,1,1,1,1,3,1,1,2,4,,
MT208PN42126,scene4,11:29:34,1:30:44.994,3,2,5,4,1,3,2,1,1,1,4,1,1,1,1,4,1,1,2,4,2.8,4.4
MT208PN42129,scene0,18:21:03,0:14:35.128,3,3,3,3,1,1,3,1,1,1,3,1,1,1,2,4,2,1,5,4,,
MT208PN42129,scene1,18:45:11,0:38:43.202,4,3,3,3,1,1,3,1,1,1,1,2,1,1,1,5,1,2,5,4,,
MT208PN42129,scene2,19:09:32,1:03:04.739,3,4,3,3,1,1,3,2,1,1,3,1,1,1,1,4,1,2,5,4,,
MT208PN42129,scene3,19:20:16,1:13:48.147,3,3,3,3,1,1,2,1,1,1,2,2,1,1,1,4,1,1,4,4,,
MT208PN42129,scene4,19:37:30,1:31:02.457,3,3,3,3,1,1,3,1,1,1,2,1,1,1,1,3,1,1,4,4,2.2,4
MT208PN42135,scene0,13:57:14,0:16:37.465,5,5,5,5,1,1,4,1,1,1,3,2,1,1,3,4,1,2,3,4,,
MT208PN42135,scene1,14:18:59,0:38:22.819,3,3,3,3,3,3,3,3,3,3,4,4,2,2,4,3,2,2,3,3,,
MT208PN42135,scene2,14:45:59,1:05:22.327,3,3,3,3,2,2,4,1,1,1,4,3,3,3,4,4,2,2,4,2,,
MT208PN42135,scene3,15:01:48,1:21:11.947,2,3,3,3,2,2,3,2,2,2,4,3,2,2,3,3,2,2,2,2,,
MT208PN42135,scene4,15:18:48,1:38:11.783,2,2,3,2,3,4,3,2,2,2,4,4,2,2,3,3,2,2,2,2,3.8,3.4
MT208PN42140,scene0,11:21:59,0:16:31.495,3,4,4,3,1,3,3,2,3,2,2,4,2,1,4,4,2,3,3,4,,
MT208PN42140,scene1,11:43:54,0:38:26.125,3,4,4,2,1,3,4,1,3,3,2,3,1,1,4,4,1,4,3,4,,
MT208PN42140,scene2,12:03:17,0:57:49.402,3,4,4,3,1,3,3,1,3,3,2,3,1,1,3,4,2,3,4,4,,
MT208PN42140,scene3,12:20:00,1:14:31.858,3,3,2,2,1,4,4,1,4,4,2,3,1,1,4,3,3,2,3,4,,
MT208PN42140,scene4,12:35:41,1:30:12.849,2,3,2,2,1,4,4,1,4,3,1,3,1,1,4,3,3,2,3,4,1.8,3.6
MT208PN42146,scene0,15:22:11,0:15:29.422,3,1,2,2,1,2,1,1,1,1,5,1,1,1,1,1,1,1,3,3,,
MT208PN42146,scene1,15:43:24,0:36:42.522,1,1,3,1,1,3,1,1,1,1,5,1,3,1,1,1,1,1,3,3,,
MT208PN42146,scene2,16:03:09,0:56:27.192,1,1,1,1,1,1,1,1,1,1,5,5,1,1,1,1,1,1,3,1,,
MT208PN42146,scene3,16:19:10,1:12:28.164,1,1,3,1,1,5,1,1,1,1,3,1,1,3,1,1,1,1,3,1,,
MT208PN42146,scene4,16:36:22,1:29:40.164,1,1,1,1,5,5,1,1,3,1,1,5,1,5,1,1,5,1,3,1,3.8,1
MT208PN42147,scene0,12:52:43,0:16:07.464,4,4,5,3,1,1,3,1,3,1,2,1,2,1,1,4,1,1,3,3,,
MT208PN42147,scene1,13:13:48,0:37:13.125,4,4,3,3,2,2,2,1,3,1,2,1,2,1,2,3,1,3,3,4,,
MT208PN42147,scene2,13:35:11,0:58:35.506,3,3,4,2,1,1,2,1,3,1,3,1,1,1,1,1,1,3,3,3,,
MT208PN42147,scene3,13:53:44,1:17:09.092,3,3,3,2,1,1,4,1,2,3,1,1,2,1,2,1,1,2,1,4,,
MT208PN42147,scene4,14:10:48,1:34:13.315,3,3,4,3,1,1,3,1,2,2,2,1,2,1,1,1,1,3,3,1,2,2
MT208PN42148,scene0,14:24:21,0:13:43.099,4,5,5,5,2,1,3,1,1,1,1,4,3,1,2,5,1,1,1,5,,
MT208PN42148,scene1,14:45:54,0:35:16.275,4,5,5,5,1,1,3,1,1,1,1,4,1,1,1,4,1,5,1,4,,
MT208PN42148,scene2,15:03:43,0:52:56.074,3,4,4,3,1,1,1,1,1,1,2,3,1,1,1,1,1,3,1,4,,
MT208PN42148,scene3,15:20:05,1:09:06.347,4,4,5,4,1,1,2,1,1,1,1,4,1,1,1,4,1,4,1,4,,
MT208PN42148,scene4,15:36:37,1:25:28.834,4,5,4,4,1,1,2,1,1,1,1,4,1,1,1,4,1,4,1,5,1.2,3.6
MT208PN42149,scene0,10:23:05,0:21:48.691,4,4,4,4,1,1,1,1,2,1,1,1,1,1,3,3,1,1,5,3,,
MT208PN42149,scene1,10:48:24,0:47:07.216,3,2,3,3,1,3,1,1,1,1,2,1,2,1,3,2,1,1,2,3,,
MT208PN42149,scene2,11:08:20,1:07:03.243,3,2,3,3,1,3,1,1,1,1,2,1,2,1,1,3,1,1,3,3,,
MT208PN42149,scene3,11:24:14,1:22:57.256,4,3,5,3,1,1,1,1,1,1,1,1,1,1,1,3,1,1,5,3,,
MT208PN42149,scene4,11:41:01,1:39:44.090,4,4,4,4,1,1,1,1,1,1,1,1,1,1,1,3,1,1,3,3,1.4,2.8
MT208PN42164,scene0,13:23:30,0:14:56.500,3,4,4,3,1,2,2,1,1,1,3,3,3,1,2,4,1,3,5,4,,
MT208PN42164,scene1,13:46:55,0:38:21.483,3,4,4,3,2,2,1,1,3,2,3,4,4,1,3,4,1,3,4,4,,
MT208PN42164,scene2,14:10:11,1:01:37.943,2,2,4,3,1,3,2,1,1,2,3,4,4,1,3,4,1,3,4,4,,
MT208PN42164,scene3,14:24:30,1:15:57.140,3,4,4,3,1,1,1,1,1,1,3,3,4,1,2,4,1,4,4,4,,
MT208PN42164,scene4,14:41:56,1:33:23.279,3,3,3,4,2,2,1,1,1,1,2,3,4,1,3,3,1,3,4,4,2.8,3.8
MT208PN42165,scene0,13:24:42,0:15:47.576,4,4,4,4,1,1,2,1,1,1,2,1,1,1,1,4,1,3,5,4,,
MT208PN42165,scene1,13:48:12,0:39:17.833,4,4,4,4,2,1,2,1,1,1,2,1,1,1,1,4,1,3,1,4,,
MT208PN42165,scene2,14:04:48,0:55:53.328,3,3,4,4,2,1,1,1,1,1,2,1,2,1,1,4,1,3,5,4,,
MT208PN42165,scene3,14:21:45,1:12:50.870,4,3,5,4,1,1,1,1,1,1,2,1,1,1,1,3,1,3,5,3,,
MT208PN42165,scene4,14:38:19,1:29:25.287,3,3,4,4,1,1,1,1,1,1,2,1,1,1,1,3,1,3,5,4,2,3.6
MT208PN42171,scene0,12:23:21,0:18:50.044,3,3,3,3,3,3,1,1,1,1,1,3,3,1,1,5,1,3,3,4,,
MT208PN42171,scene1,12:44:23,0:39:52.540,3,3,3,3,1,1,1,1,1,1,1,3,3,1,1,5,1,3,3,4,,
MT208PN42171,scene2,13:04:00,0:59:29.051,3,3,3,1,1,1,1,1,1,1,3,1,3,1,1,4,1,3,3,3,,
MT208PN42171,scene3,13:19:49,1:15:13.771,3,2,3,3,1,1,1,1,1,1,2,1,3,1,3,4,1,3,3,4,,
MT208PN42171,scene4,13:36:42,1:32:06.236,2,3,3,1,1,1,1,1,1,1,3,1,3,1,1,3,1,1,3,3,2,4.2
MT208PN42172,scene0,10:06:58,0:16:27.587,3,3,4,3,2,1,2,2,1,2,3,1,2,2,2,3,1,3,5,3,,
MT208PN42172,scene1,10:28:27,0:37:50.873,3,3,3,3,2,3,3,2,2,2,4,3,3,1,2,3,2,3,5,3,,
MT208PN42172,scene2,10:49:30,0:58:54.072,3,3,3,3,2,3,3,2,1,1,4,2,2,1,2,3,2,2,5,3,,
MT208PN42172,scene3,11:05:10,1:14:19.764,3,2,3,3,2,3,3,2,1,1,4,2,1,1,3,3,1,3,4,3,,
MT208PN42172,scene4,11:24:01,1:33:11.340,3,3,3,3,1,2,2,1,1,1,3,2,1,1,2,3,1,3,3,3,3.6,3
MT208PN44077,scene0,11:02:10,0:17:05.541,2,2,2,2,2,2,2,2,2,2,2,2,2,2,2,2,2,2,2,2,,
MT208PN44077,scene1,11:23:18,0:38:13.112,2,2,1,1,1,4,1,1,1,1,4,1,1,1,1,1,1,1,3,2,,
MT208PN44077,scene2,11:47:49,1:02:44.301,1,1,1,1,2,1,1,1,1,1,4,1,4,1,1,1,1,1,2,1,,
MT208PN44077,scene3,12:00:34,1:15:28.666,1,1,1,1,3,3,1,1,1,1,2,3,4,1,1,1,1,1,2,1,,
MT208PN44077,scene4,12:16:18,1:31:12.695,1,1,1,1,1,1,1,1,5,1,5,1,1,1,1,1,1,1,4,1,3.4,1.2
